-- phpMyAdmin SQL Dump
-- version 5.3.0-dev+20220508.7aa512c357
-- https://www.phpmyadmin.net/
--
-- Servidor: 127.0.0.1
-- Tiempo de generación: 10-06-2022 a las 20:01:14
-- Versión del servidor: 10.4.24-MariaDB
-- Versión de PHP: 8.1.5

SET SQL_MODE = "NO_AUTO_VALUE_ON_ZERO";
START TRANSACTION;
SET time_zone = "+00:00";


/*!40101 SET @OLD_CHARACTER_SET_CLIENT=@@CHARACTER_SET_CLIENT */;
/*!40101 SET @OLD_CHARACTER_SET_RESULTS=@@CHARACTER_SET_RESULTS */;
/*!40101 SET @OLD_COLLATION_CONNECTION=@@COLLATION_CONNECTION */;
/*!40101 SET NAMES utf8mb4 */;

--
-- Base de datos: `control_incidencias`
--
CREATE DATABASE IF NOT EXISTS `control_incidencias` DEFAULT CHARACTER SET utf8mb4 COLLATE utf8mb4_general_ci;
USE `control_incidencias`;

-- --------------------------------------------------------

--
-- Estructura de tabla para la tabla `dependencias`
--

CREATE TABLE `dependencias` (
  `id` int(11) NOT NULL,
  `nombre` varchar(10) NOT NULL,
  `info` varchar(100) NOT NULL
) ENGINE=InnoDB DEFAULT CHARSET=utf8mb4;

--
-- Volcado de datos para la tabla `dependencias`
--

INSERT INTO `dependencias` (`id`, `nombre`, `info`) VALUES
(1, 'A101', 'Aula de Docencia Convencional #01 - Piso 1'),
(2, 'A102', 'Aula de Docencia Convencional #02 - Piso 1'),
(3, 'A201', 'Aula de Docencia Convencional #01 - Piso 2'),
(11, 'I201', 'Taller de Informática #01 - Piso 2');

-- --------------------------------------------------------

--
-- Estructura de tabla para la tabla `especialidades`
--

CREATE TABLE `especialidades` (
  `id` int(11) NOT NULL,
  `nombre` varchar(50) NOT NULL,
  `info` varchar(255) NOT NULL,
  `responsable` int(11) NOT NULL
) ENGINE=InnoDB DEFAULT CHARSET=utf8mb4;

--
-- Volcado de datos para la tabla `especialidades`
--

INSERT INTO `especialidades` (`id`, `nombre`, `info`, `responsable`) VALUES
(1, 'Mobiliario', 'Sillas, mesas, pupitres, pizarras, perchas, etc.', 1),
(2, 'Electricidad', 'Instalaciones Eléctricas y Luminarias', 13),
(3, 'Pintura', 'Paredes, Techos, Suelos, Puertas, etc', 2),
(4, 'Comunicaciones', 'LAN e Internet', 14);

-- --------------------------------------------------------

--
-- Estructura de tabla para la tabla `incidencias`
--

CREATE TABLE `incidencias` (
  `id` int(11) NOT NULL,
  `titulo` varchar(50) NOT NULL,
  `info` varchar(255) NOT NULL,
  `estado` int(11) NOT NULL,
  `fecha` timestamp NOT NULL DEFAULT current_timestamp(),
  `autor` int(11) NOT NULL,
  `dependencia` int(11) NOT NULL,
  `especialidad` int(11) NOT NULL
) ENGINE=InnoDB DEFAULT CHARSET=utf8mb4;

--
-- Volcado de datos para la tabla `incidencias`
--

INSERT INTO `incidencias` (`id`, `titulo`, `info`, `estado`, `fecha`, `autor`, `dependencia`, `especialidad`) VALUES
(1, 'Luminaria no enciende', 'Hay una luminaria que no se enciende', 0, '2022-05-01 22:00:00', 1, 1, 2),
(2, 'No se puede abrir el rack', 'Al intentar abrir el rack con su llave la cerradura no gira', 0, '2022-05-07 22:00:00', 1, 11, 1),
(3, 'Los equipos no encienden', 'Al parecer no hay electricidad porque no se enciende ningún indicador', 1, '2022-05-08 22:00:00', 1, 3, 2),
(15, 'Faltan sillas y mesas', 'En el aula A103 hay 12 sillas y mesas y el grupo son 15 alumnos', 1, '2022-06-01 17:40:47', 2, 3, 1);

-- --------------------------------------------------------

--
-- Estructura de tabla para la tabla `notificaciones`
--

CREATE TABLE `notificaciones` (
  `id` int(11) NOT NULL,
  `fecha` timestamp NOT NULL DEFAULT current_timestamp(),
  `autor` int(11) NOT NULL,
  `incidencia` int(11) NOT NULL,
  `info` varchar(255) NOT NULL
) ENGINE=InnoDB DEFAULT CHARSET=utf8mb4;

--
-- Volcado de datos para la tabla `notificaciones`
--

INSERT INTO `notificaciones` (`id`, `fecha`, `autor`, `incidencia`, `info`) VALUES
(1, '2022-05-06 02:13:25', 3, 1, 'Se ha sustituido la luminaria por una nueva y comprobado su funcionamiento '),
(2, '2022-05-04 01:16:42', 1, 1, 'Hola, la intensidad de la nueva luminaria es inferior a la de la anterior'),
(3, '2022-05-06 12:52:03', 1, 1, 'Incidencia Cerrada por homer'),
(4, '2022-05-04 14:16:27', 1, 2, 'Esta es una notificación de prueba'),
(5, '2022-05-04 14:18:27', 3, 2, 'Esta es otra notificación de prueba'),
(6, '2022-05-04 15:50:12', 3, 2, 'Incidencia Cerrada por barney'),
(7, '2022-05-04 18:50:47', 3, 3, 'Protección contra sobrecarga reamada y equipos en marcha'),
(8, '2022-05-04 11:41:37', 1, 3, 'Al empezar la sesión, de repente, todos los equipos se han apagado a la vez'),
(9, '2022-06-01 17:40:47', 2, 15, 'En el aula A103 hay 12 sillas y mesas y el grupo son 15 alumnos'),
(10, '2022-06-08 22:00:00', 4, 15, 'Ejemplo de notificación');

-- --------------------------------------------------------

--
-- Estructura de tabla para la tabla `perfiles`
--

CREATE TABLE `perfiles` (
  `id` int(11) NOT NULL,
  `nombre` varchar(30) NOT NULL,
  `info` varchar(100) NOT NULL
) ENGINE=InnoDB DEFAULT CHARSET=utf8mb4;

--
-- Volcado de datos para la tabla `perfiles`
--

INSERT INTO `perfiles` (`id`, `nombre`, `info`) VALUES
(0, 'Visitante', 'Usuario no identificado'),
(100, 'Usuario', 'Usuario identificado'),
(800, 'Administrador', 'Usuario con derechos administrativos'),
(900, 'Desarrollador', 'Constructor de la aplicación');

-- --------------------------------------------------------

--
-- Estructura de tabla para la tabla `permisos_perfil`
--

CREATE TABLE `permisos_perfil` (
  `id` int(11) NOT NULL,
  `perfil` int(11) NOT NULL,
  `proceso` int(11) NOT NULL,
  `info` varchar(100) NOT NULL
) ENGINE=InnoDB DEFAULT CHARSET=utf8mb4;

--
-- Volcado de datos para la tabla `permisos_perfil`
--

INSERT INTO `permisos_perfil` (`id`, `perfil`, `proceso`, `info`) VALUES
(7, 800, 149, 'ProcesoPlimPlamPlum - info - Administrador');

-- --------------------------------------------------------

--
-- Estructura de tabla para la tabla `permisos_usuario`
--

CREATE TABLE `permisos_usuario` (
  `id` int(11) NOT NULL,
  `usuario` int(11) NOT NULL,
  `proceso` int(11) NOT NULL,
  `info` varchar(100) NOT NULL
) ENGINE=InnoDB DEFAULT CHARSET=utf8mb4;

--
-- Volcado de datos para la tabla `permisos_usuario`
--

INSERT INTO `permisos_usuario` (`id`, `usuario`, `proceso`, `info`) VALUES
(7, 20, 149, 'ProcesoPlimPlamPlum - info - moe');

-- --------------------------------------------------------

--
-- Estructura de tabla para la tabla `procesos`
--

CREATE TABLE `procesos` (
  `id` int(11) NOT NULL,
  `nombre` varchar(50) NOT NULL,
  `info` varchar(100) NOT NULL
) ENGINE=InnoDB DEFAULT CHARSET=utf8mb4;

--
-- Volcado de datos para la tabla `procesos`
--

INSERT INTO `procesos` (`id`, `nombre`, `info`) VALUES
(149, 'ProcesoPlimPlamPlum', 'ProcesoPlimPlamPlum - info');

-- --------------------------------------------------------

--
-- Estructura de tabla para la tabla `usuarios`
--

CREATE TABLE `usuarios` (
  `id` int(11) NOT NULL,
  `alias` varchar(30) NOT NULL,
  `email` varchar(30) NOT NULL,
  `pass` varchar(30) NOT NULL,
  `avatar` longtext NOT NULL,
  `perfil` int(11) NOT NULL
) ENGINE=InnoDB DEFAULT CHARSET=utf8mb4;

--
-- Volcado de datos para la tabla `usuarios`
--

INSERT INTO `usuarios` (`id`, `alias`, `email`, `pass`, `avatar`, `perfil`) VALUES
(1, 'homer', 'homer@fakeserver.net', '123456', 'data:image/png;base64,iVBORw0KGgoAAAANSUhEUgAAAKYAAADICAMAAABVqGpvAAADAFBMVEUAAACUcgCfoal/cE4nIAfk5OQmIRTUowCqlWNSSC9bRQEMCgN7foj4vwC/wMX///83MiexhwBkWkIbFQF1WgDmsQBxcG5BLwDHsHTP0dZcXFwZFxOXmZ0+OCsCAwoLDRT09PTClQAJBgLzuwC/qG+xsK5LS0s1OD2AXwAlJiuVg1ajfQBbXmpsUwASDgI1KQCDg4MhFwD/yQHvuAAfICGSkpI+QEdHOAb9wwFTU1PdqgDX2NzHyc+1uL7n6OccHBwvMTfDrHGjo6PttgCHaAB1Z0ULCwpra2tjY2N7e3udilxgRwC6jgAuKiPLnAAzJQETExOrq6sRDwtKQSskHgsyKg4aFgyLi4uZdgBSPgA2OUIlIhsrLCyrgwBcUTQcHiRGSVJ6XQCxnGcuMTsTFRs+QUuNkJspHgAsJAxOUVtlaHM7LACnqrKWmaEgHxq8vsPd3uHQtncCBRFWWWTirgAqKzHLsnWJeE/LzdFtcHpKNgCusbp2eYMpJiHb3NwhHRMkGwE7OzsjIyORbgAfGAPDw8Tr6+wqJhxyVQCij14WEQHm5+jIyMcwJwvYpgA0NDSMjZLBw8ktIgGKiYbT1dl+YQDLy8teSAHIx8aFh5BHQDDQnwDT09SJZwC7u7tDQ0NjTABEMwA6NCR5a0ZsXz+bm5ueeQBhV0Czs7Q/MQD/0QLGmQC0igBEPCq9kQBfYm1VTDk1Lh46PEQPERtVQQAqJRODZACMawBMOgC3oWqEdE1KTVVCRU0UEg10dHWanaQyNDsiJTKipK2SlZ8XGBxFPzCummaZh1wdGg48NipMRDQdGhF/g42rrLJzd4EtKRxVTDNER1F3akxiZnCDdFGznmmfjWFdUzxuYkcyLiSytLpRRy88P0hRVF0tLziSgliQflRpbXYxMS+kp7BZTjR8bUpxdHylkmAvM0FFSVhgZG6ChY5gVTdpXUNzZkmHiZPf4OOLe1InKTNYW2ZYTzuummhrbnhUVmB4e4Xn6OqjkF/7+/v8/Pz9/f3+/v7////eNbhzAAABAHRSTlP///////////////////////////////////////////////////////////////////////////////////////////////////////////////////////////////////////////////////////////////////////////////////////////////////////////////////////////////////////////////////////////////////////////////////////////////////////////////////////////////////////////////////8AU/cHJQAAAAlwSFlzAAALEwAACxMBAJqcGAAAEl5JREFUeNrVnX98W9dVwK9XFAUZ9S2RTcBdUzlXGFLPP4gwXKsDId/t2S6uJHchtht5xWlWt4jR8qkrQiiOpMSO0SDatMXhhxtb3ex6iepCl8hqEieh+VDahKyBJYyGQhmjLbRsZWwMxj/m3qdfT9L7IT29q2X3k8+nia3n9/W5555z7r3nnIL1H4oB9P+RPM/f6pgA8LwzHHZ6eQBuVUxAIMVSBTzwer1AD2CgJ+V6IST5E05rAbhlMAshsyLMfrVaiQJGlCV/qw4UMKAs0FB9OAEDSiD9hmo4dcGUFl8p5w8WE4C1dssjv0rGTss2sni2yv0S4AeGCUBwf9twwm100HHE6HYn6hpSnnYxK1/9tFe3/g6ZDjZPQIQQzA/6r0b38EIsRwqqf1sV8xBZGJ1AyAxx6aCweGXMnxYf7y2Ra60wQazOQcRGmeylQ0A1I9jcENsqfkmNMUGwDguMdoVBvmtGeMmzVQfl1PRc/VgjhbSrDiJThOuCuZd4a4gJ/M3lQWZEiowWUHtMMIPN5UIKoLAxmDxU60nfNkxEabdXgum2YGMHqOkSqk8gXBGlHaPRGDY3pkANMdsJpd1eIWZDChFLOgJqZt63jVZMabdDtxGSqbfHQY0wwaoGSkJIlRnDiVhtQg+woIVSMErC5A/UBjOGoSbMnI4eqsWkgxVUBSXR0Qb3CHu7qXXKRZzIXc8c0+KAVWJiMu+AMSZIVitMutodFsaYwQlYNSZZRmOAKSY4Wr0wqTiN7UwxI0YdhEnFaQIMMcExPYQpxCFMMRM6YcKJIEPM6hxQ9bNe3jNgRh9hUswlhpgJ3TChexszzGAj1A0Tx5hhmvQSJp31U4ARJqjTEzPJDPOkWUfMVlaYQb3MkYC5wgozpd+cU7fOCBOM6YrpqGeDuXVJV8wJCyPMZvOtjwksSQztemJGGGCCBgey2+23uG5GEkg/Y5Rx6vqv9Prm/AEcxhjjW9Ju5nZAwu0EHXZZ1Nw1hqoX2qo3Zr1bOKXCdoSQfcLhcNBLIKkDbfIleiGEhCsiRVKMVnWXpuUIwcQQwYGxVEds586dMf9CKy7RVowJnXH04NNPP7066ib/sGMFzDbAQpoY4YN+57kfu7pv8p7J2Ze+Fx1P4gJzTyGb2zo2RM+dPXv2XHSD51c2QfkjZQzjusebJIKDaDj45PsGLj9ungtuEmEQYQ/Edz9/9fHMtw2/+D2fp1XOPtALA/3DYg9ybNl+gSsaF/bO5DAwajQ5/3i64PvWC9vjR6QdLJtNBlgIPm/lSsbkv6UgzByuNv/sd36p5APWt9ulz78ZbdnAhzjJ8e/7hXWCUeL+T0l+YHnvQSlObStIDZP/KU5mPECPO4ks25dlPjC7t1WKE3bof5wAvJ0GGQrDl4m0oMNyQe734B5bGyjhJKpZzwATgJBVhuLqNiOE/q9z8uNC6b4Zo2H9z5AAHVNyFGf3n1h9gVMaT5RsnDFaWGeDOScHsY9PjP9y39C0POanvc2FnGTr59EdE9A0vD55iu4IzZOJWuU/8ZX9xZgaLwkUMY9PDfUozOmyIG0wK/+Jx3cVnt5qVU1FTOe0ouZxswIlP6nwkZ/PGU8hwtOqmoqYUWVKrounmC1KH3lqJIsJqXvVqpqKmCEVzKbewZZon0HpI7/hgdmIo23UrFk1q8KcX+TUxkeC6V0pPeCKQ82qWdWkhwZVMed+xJG+pcYdp/yNdq2qqYjps+qGiUZjdf7MESzQOXr3GlQmvUcVcx/xl8Kcp9o2ddgF1QROnTHl/WTGvHeqYt6MCZTwSOTk0pcgVU2guzTBkDLD+T5VzPcFN4TRR2M7VuOQqqa2hA/FZ1SW+mBUFfPR9Jkj9Bw9MZZCRDU1ps8ohx6zigzT4VkVSutvrgjB80DEuKMhtePk/RrnXAWzW5mi77wK5gdi6XV+LIVQ26kTdXfxGnORVMJi5bX8ob0qXv8h6tKJB4qMIrSwcMK0dxsTzHWvwrTe8+unx5XF+anxtDWqCxIHdKwNCRmSTG6AnUVGyXDPT+57/PvfN3zk0tlXRoxHIo8pUE56B9LrvIMsJHQq6aBqCdhcVPN5q2R4+FHf6dOPPLLh8OHXYvGkEUG05JQP46wPCcscm5vbSdSJUqujmoVZzqF29JKggdannFt+ZhPNHHeTMZFOLEZjfyHnqqyfPCUYIxJjxhH5ZHy4jSXmenss/O7V/5x8wLOSzRw3m2EmsRijhgel1dfwkCmTG9doIRt2DOOr/nXNiaZlPJVCo6bY6bsWEBLnjOdO4w56pY49bj6YOWbCaEm4pIP+hohmYZbz2AI9XB0Zh9JnbMR2B8/uK148HxYkmP5+vI1OPvRbADvMvV/e+lFEou6IbIIcRnjm0D/eFAV9U+8eMDmyp+Hk0ZNEQ0gMB5hhgvgxUz2RC2rzy1+0YYiOzMTCZ//3wjde+sZL7/2PL7jgFp0rNvjNgokXsjcBC8zIAFkzsQSRZodStpSQ3T6QNPk7/B7/yNgmcVI8xME6wa3bg6zKmsDwDhIpBt0Qw5jytSUFzQ/RHQEJ2y00aw25G0oKdPTCDNLJcgeJbYYdqvkJpVYgjZlaoPnPY5aR1bqjX2KSZjpDrfJKbII6ZG1ZXRgaLcRhQtO4WxDzqEV/TH6UYiY8jQRzQFv2JvFSJJSDbv9E2uaiAf336WtuWqTU2oHppcupEaXLHnlpjiaEdQ6FazrycxZ090KRI9Do3rHkh8LtckcDvZWSHkriTF/FEy8E3cR+mhP6YxpRsr2BYtKFXAf8CfFyJpqW+a8ZKqDmLZMpYlmA0HhIb0x6xdY8HowT5UIJ/65PfG2Xv61ueKnu6WRD24IplYqnUinTzGprcyNCapU5ZLZjbve2OuT4Q70xAXU/K8CPkcN0/7WNgcDLf3v5vsOHX3/mzj+5/Gff3bz5W5s3b/7u5Wd27xyPjyWEi0p5R4WGLQ60I9nGAHO9jcZfHZ4dCcvr7wRcNpsrEHCRESgctpff/OadB8aPJaBsggDO+CKamrBTf/NOTdFRfx34JoWUHZTb9ublK7HkhMyNKhFm5mSOyaH2QdSINgH+2wGb2iCottvuC8qUPBF7diwTyY8yCIsjxHcs8XerU2ZIz9yx3yglUAz9qxlMJgnlloTx0G3lUdIRsF2OtEq5ARgbzjhbP5OwuD5yrXxKKtHra22lYT5ZiKvprfAAm+idf81W2Qhs3J3CpVeAC8n0Qo+vM8EEdwcq5HTZXvcXcRKz1khPYzFxZWwwn3HZKh0u16v+wnkny1/IDEIJrXU4anuhbwdsGjjvOyWOTuGq0UwDJDSqmVIF84qtcmnSeb9DtHXCyNRBohRzYwOrpgTgRzUIk66je+vzV7/E/aSCDUdPMduyrYMz2jBtv7XZA8UFjEtBlu1HwP+5tGHaXAdEJZkYnxhbZ4h5x4taMQPXg6LcVM0Xv+VhHtZKScR5WJTfg80mlpjPaMcMfKtDJE3zMZaYzwW0S/PGK/nDMWKTblFMW+DVsR8KzL+PwxphVqGbNtdfBR3508NbVpquGwdWzDXBBF+oApOYpNxhI1vMtRtVTLot8MFc1TBTgwS+WI0wbYHnGmqCucHmqgrzclt+0tk5y+o0swizjRkm/46rOsy/nKkF5q49VWK+vloLzPqNVWG6bAdG85gNzMJi8K8SB1zlk7vutRjzXijJLnoH1/akTwqFkd4z3igbNPCsH+bD4qMMNxlg7eNfuHvji/SlL1I8157ndm345zI5XbuToghplW0rRgDWXjkgjDMuW+AaAGBXea7JdbeojQFGdVu9tWnFeIC8+s9pWum9rvJ80Ih4q173gmFwvhbNA9f22AKfIJRXytrGud6pXxFjtl6kaUs1aI1D8Fy2a1deK1eYcdH5DEabtltpLjJ7zHrilOh6L4/yzYIibIxWwtMc11MDTPDxgKt80+4saLaAoXvD4xwXmvcyxyScL6dvWFxlRB1BCAsvgnfu4wZ5Q4g9JjGj//CxM7/91hdVfX3gY0V197Sbx+cN/BA3VJM+cumqgf9QCfACZ0BxpRDEsQ/8SzfHTfK1wMxGeD+hSPlWSasFjNEvpNP452uHufWwwnJ3Bb62rTgvBNvR6LZ0gm8nqBkmALv3BOQgf//3gkUZS0SUcAZ8JlvGUSNM0PKZYOr+21ylC94VCGy8XL9QXCsK0cD4f/1BNr/PVxNMEBrkfteDVi2H37oREIV59Hr1xvU7d6WaC24tKaTRxL8tquNgjwn4FloG+F4cIcdY7JUPPnv93pdvCOO//+76s68eiLWdROKelxSysaH9b8QpiV2ANSZ/Pl0v9lWaWYQwrV4O7txAx+lHYv5TyRVcAjmRtDx0tajGiLUXcmay9c4lEU6ncWGHe4COFeOEvSiRgn7AMWZ58kJJEjpjTK+3Kf2mJ4WtWLrvL8wkpcCCtBSacYSMM+0XXypN7GxhHHoMGZzHBXlccUNcknFWnDA3MNL+wlXJCgnAFJNEYkM++p7PKnagEToDNA57vE/I1J30MMUEXRxn4Kk4L8mncgoqC5sXLNvfM8jX6bHEpGEt192SWejy2ZFHVj1XHr2qVMjhZIgJhNKgKVro9MBB6cJzOtmtKcvF9yZVarYYYmYKsXxDRBqSHWiwGY6agtu/PqVam9PEDhP0pl/RGeUek1xBGDV7fO9etXLqo48h5my2ysLw8BYkRbmydqkcRjojPKvuUuvzOcX63IelOt9B6Hnjc+VRdoXn+is/ASmvpVhP/iXbN5ViYjT2yT8Cx8uhnOTJz5rsBiww8zXL03dFJiTSjIyRKa6prwzK6XBay3sqrGIEFSwgMn4cjJglhJn6KscN+tQprdFs2dlcCOiOmQsYm0Jv+6FET82fI+KeDE+qU87n/94E9MQEXm+uTrElZP30WknrO2iPCTUu0UFVyoJ+Eb1AL0wA5hcN0aE8Jce9UdytDaPkA+ki1v7yZZm2oCC/+QfaMYG3l0z3XLYUuEmoDn3fU9wOwWG5Xfh+f7fK6ikpuG8CgI/2DS0uLnadb3EqoSpcEfC9grL1pn+6YT5dYD259qdF7RBMT2RCNMUi1zlnsSWwdoZDi3l9nj7eK7/85b/Rnd75WMOCyg06s1bpYkGfZeIl78i8asqnUHW57C2uaz7uixb3gTEMyYHKfdmZtejLYSJEay/gs/09/tpTiLnlqdysyrYA4Ya8xYWl/XyXVAWczImyzFdbcmFtU5Pwi/O53/zz4hbGxBg9mFu9UbkuOdZuZ3FdXulXsvXPkgKVxAT5NWt1TnH93sUW0Sr+J3HCFoxdypfVd8mopW++SB2soaisghhaQHmYvGiCBkOzoahhSFzi/ZUtogufuidFBqZXOtjw9isb0DJ2dRKYXnEMsQic/dysV+xgZiO5XBOIg6INRaeURTLMh0tC5XmVwvdFXh3TW/BTrT1zZLEX6r8ve35JLLu4hY+URepxNpUIrtepFpou82qYfGk81ldkl38n0/CGdjETlypPlbSuMHSHS5dVD6/q/MmuSxlToiJ9qrgjxe2WiUxB6tivFcSSxcFHl7PXKhFxDpYR8U3xSphAorlEtLjTg3V7a6YOpECYnNVXoC/HQyGpSDnUVFaUvwzkMaW6EHSVNnJ4dySdbF8oTEIgmgpDU1iykUWPWl+g/OKVxQxPS2z/S0Vyk9a+0FuUoiL6fIxk7Q/3SuJYnYtcmUNslwpFK7HL7pUQsDUsFA0WCzNvkbp83TKOsz/KlT3mpf8XZECiE8KkU+p936EnsRM7Pyvd6KPL1zIlezSzXD7mpFcSU6oVTl+fXCMMlDxb4hVJmGIdirbI7zE7KxCmWD3F8z8oJUxJGzd5wA3xeGl7h3C/IiTxDIuVYOZvu4DEmYE4vpbZ1V4cPrH6hkR4M9+keIgkRIUVjNwpo0hLJbRmVq7RxPMLO8ZvchWP7t4KH8iGn0BRmCG5VkIPp1p/unLKaedshU9k72KBkmb2yM7R7bHY1coxF30VP5IRJ1BY5sWRkVgufOVvJDvo8xU/MleIKeXMuxRQfF2VU1qdUxp+tQJMfk5CmAqhzJy18jceD2t4aBCIMed10STl0d/CaVl2IkyptlzRLp0xQ0NanuoTY85JTNG0vpTW8JSWxwZFXUt8OphiVZfitGp5zODNYYJSJEPFpljVaka1PdeSx+wpJ2ivcpzv1vZcZ66pm0QntvlOvTG7Nf7E5RxmqdYYnHN6Y0Z7tD03mevqFtJNkRQWum9K64NZzNKosvu83piTYQOneQ2lMTtLbdyy3pizYavGJ3vX1/8fbtjAuDBESFoAAAAASUVORK5CYII=', 100),
(2, 'marge', 'marge@fakeserver.net', '123456', 'data:image/png;base64,iVBORw0KGgoAAAANSUhEUgAAALkAAADICAMAAACDDbAKAAADAFBMVEUHBAS4HAaWlpQJSIBFg6z0qwKUwekDWrO0qENGEQ4JIUb71QSYdyleUx7N4IsXS39IpOjpvDj2QgxEYn+HhoUBVKJAVWw+PDUiGBQYdbkQO1n7yyT7/Id5qc+1xIX66Delq3MCZML39/MXU5eypiehNSkIGjBdHhcBTpPtb0FwaVDx4lr81Au3t7YdPlZpPiyCXRva2tYCTptkiKoBbcr4/KYCZLsoJyf8vhcKLVVSrfTkXzs9OQQhbJ6chkU3ldx4uvACY6sJEx396CPSxULf4N/yvgUoVXz94g5iRRre8YwdQmqkUzV9en7R0HGoMRhBQ0bm0lTGx8BvbmwCWpwCUo0WXqUBccP22gMVgsj6+nYUKkcBbb0VIC9POw8CW6NjptcTd8ZdWjz46UkGW5RZWVH12wy2jxyqpo37rALwSh6CaTJzv/wtJwsJQW+YmWbOmymxy2sZVoHq7eoCbLUXGBhks/ZOb5ACcb3MrDgOMmT94gTh8pzGGAcmX5ft8bQuTWxrmME0Mi8CctSjmEP6yTn92wT/9iUph9ABVJt3IxkAbsIBVJVQRjLEWjfRpyAIIDwFDBn5+5cKVZsvcqTb4aT7WzS/w5wnd7ZJmtsWMVdANh9hq+gkUoaAf3D8sgL7wygKVJMKbMILXKQKLEm7NSwGVoQXWove8pELV42Fv+/52B4Lbbv92xOBf1RtXyB9s+FeXV4MZKjTyFVGHxILdMOFOiItKRc7TWT5TRAXXZQfTXDQ0M+GejT89Vn601PDLxQWHCP/9jclNUa0kjBPQB8uQlUlLDYCU6v+90gCcsq0zXcVJzsLXZv81BM2i9MURXD8Th/zswPh8/lSd5+GMy8LbrSFch8eecbn1z+xqVfYuSYvFwuBxf3/7hImXoi2HRPJHBWbiisCXKoDesGpqKZovfwCZLMBWoy9mj4LHSECa6392wr8/roPPmT2nwJNS0xcsvYVX5sKIzEMc7z///9ydD/EXFJUqujIxokccKw/MRHZ7HvLrEj7wAf////0EimfAAABAHRSTlP///////////////////////////////////////////////////////////////////////////////////////////////////////////////////////////////////////////////////////////////////////////////////////////////////////////////////////////////////////////////////////////////////////////////////////////////////////////////////////////////////////////////////8AU/cHJQAAAAlwSFlzAAALEwAACxMBAJqcGAAAPSpJREFUeAHsmEFoIlkaxxsyEPCSQKhuDOQQFiSn7NIpFIXBKi+y5NKHqjwan1QEm72EZpDSFH0QxYuPqmWUzUFDzaGnJaLkYAJe9CS9pEMRSQ6S9SIeCqymAyEmcwi57H6vzPb0LDW3mN5l+99WmZQv7e997/9936t68s//VX0j/0b+jfz/mvyFz9fphE5W30eTSZ/Pd+A05spn6+C/hvzAFz3JhNeWlpYa9Xq90VjKZhcyEY/v1ZeDPiQLmUwvm82ubWd2Q76vTk6xb46+W6oPtkap8XgcGAcCgfFoazDgltYyhc49/EEnsrBWr3NcKqVzHFdf6p0kvzL5s2hmbfN2Ptjv/3K+v38uy/vNZjP2Mn9ank+NBtzaUecZcIeOshynT7S5CYfO1XueZ1+RvOM52zntey3Lu4xlKozhZYF4S3bng4HRYOngCXDXdX18rxSEndJzjdXk1yL33YRLTbzM5gxkGAgp8FIUhFVVRUhVsWzxOBYcLETXKHcgmO/HmvvNWD8fvB2PxgFdry8Uvwq5zxPecauqYrAsxBujz1KxCuAGq7IGvkv71xucnprvw1JgL8wHFmjWigUDY4h8fTv0+ORXobNSDGMWyZiGFyvqb8XChFhcGnq261vj+T4vIxUmZdD1ePkyZkp8fzza3Bwc+R6bPFnYcbNszoYGGgx2+Q24Aezs/s56ITvQy33ewir9R4Uxys/fzpckMz8e643o45JfFdulfQz2BhIFsQZEM/cFOcIA6cWltCvT2Cr3JUuhDpqIJoDF529H41PLPb7lssXHJO+4Wuf7gADuNgyssjQxgekLYYxj7tWT3qDstugHvzpIpdM1LLM/PxqV3GN98PTF45GHLq8vEK0lwGdD0Z9o8JHtZaWJULN/t+7KbAK3RY1kIBDLUmgYY0DyIu9sP7BVLoNfQo9GXgx3eYSh/Hm9wEzJfxUGNG1mJ53YLUS2Tw8lPLEOXRS7WNp+mVxC1mFwpN/ecjTo0yenNSVcA3Bg4a1JCP9DaGPd5YnstkoxCDei4UVQeexVoQc948nyYCk/Ctzq2c6jkF950qJJrSJLJnW3k2Luu1K/mcux9sSQoVzIlNkGB6ND8Qdy20CSGxpS/f1jkL8KtWomjSNPGGoY5IjO5igg+FmFUFuzPI/B5CxFNYycYQf93vx8LDDmer7pkx8UhyKBlFNNQiwFK47gGLO5XA4fnkPIZYmY1DSqF2TB9kaFpaDs/7YWNKQUzdFpkxeHNXKBETaJxisyTTpHcgz1D9F3kzHl/XPYgZ33y7epkV4+PTdVA9A/C/P5FPd+6uShcFe4AAMwDGGQjY0c/IInUlWeSNhAgJ2f36o3sr3thbVsY7MkqRB05T7uSJmdHzy9mjJ5MlIlFuQmcDPWPbID+cTBCpZECXzlbQYDA6535HFVXCeVQmQhW/Zi+rmCJ+XGim1t+6ZLfnAzFIGYJyAeq58bOp4cFNaOuGHQM09WBJRbtvKBLa4X8SzutVrX1dZ1ze95mu3L0HoVllVkey88v5mcLjnNTrNJwQXJITft7S2mbwbg8BKxjKbkDoy3su9dZ+luXNPIH96aUjxRifRKas6gQ6H+KPJFfsrkHxZbKwy2CJVJXe6EPvEPtiRBsowc09PHg55ndUiOjwXx48yby7kqId22a+hGrHohGzlqeRzTO1Ml96Q1YslEIxA8jJ1Lyn27sYgm8Iq6XObgtscTbomCxDCCOJe4LFSq754zaVfCrQJ5ziZHP+vRZ1Mk77TfahIP2BoN+e8UQ2w7BjOaJsjYKqf0xlFhGCfMx725DUmYMd8NVwtntZW/DQvtc/AJ9CsW/kYtR6Ohq6mRR9OEaLYERnYs5GBcTNNWlsBPsswHt3TuqHANtZ+Ily5/VZBmj59X2zftmvY24/keeelEDUp+etLeiYSmQ05DDuSiRmjIHVsQpuRw8koaFE2Fz48262FX+thLRFGstSORlqlpJmmt+1uEVHf9d6ahKDY5exqZO9wJF19NhTxUXWGow0GCDDst7EROL3uPNY2ZRZY7BR53pVfslXob3xvuvmntaURaab2Z6woEbpeuaRumG97cXSQNzzh2PM+mQP7hMk4km1yTJAUjxxS1bzWOn8MQaFe3OtcrVBlGEwkk5+KemHa13zLw+96cP6FJ3fXIUEAqjQHOzVValqH+UqLoD01evNZEyg3wEnyJ6kROzaLwMIrBBh/UG9lCuLbCmOaxKB5HPlVbq0BMJy/423GitSrtxHIOX7A55W737KMEDz9+3gkdPDT5i0pX1KhscoSc0SE9eZoMEEtjzDV2Z+JiPK6JezPMcXrX361VRJMh4ky8EolrWvxyt2oadG+Gv3clCE8fHtxtFx+avNOOizY6gBFZ/V3xhJLzyBtM1TP+jefMMUNWxBVwftjDLFNyTRTju5EahGDOldAucA4p7sxil7HofapV2gk9MHlxOIk3laTQDbdjC8USHWMiKxbgvrsJi9okpeMfBSZxQpYrCYaA7aW5N1X4z6r+GQ12NgiVIq8lBnIVarsVPHr6oOQHFbrruPf54T40IueCbhIqbFhBbsmViHe7XS0O+hjfeJdoa+Q1UGuQ6T+59gSidV/viXGUU5tDD1yjD1NVyNJs6EHJP7x+R7EnTj83eeTITZs+oYXFcOv1N+sbNX/k5lMolEyGQifRT6uJ+GFcYwQY0vbs0YEzorYiI1yKLB4SAcsXtCHw5czVQ5J3qsQWJRdkItPvcEC3i70EMP3BdudF9MMf//SXH3784UfQ3//x57/6PP7Fs1ZNJGT9fglpzijunwotAgkqy4qqKvJ+NvmQ5KEN5p6cEEmSANyBHEwOKJBq2Ao0ik/+xcr5ADV1Zg2fgWblTepSR28jQpcqHYbRyLo0QtJprSGKYXjX0Zo/lFxNkdgu40q/iZc2JTOuBUm8k8sUrZ0XYVl0YcggUkTrZAckDqlUkiHI0B3FKjBjamM1shbpTpWR+c659yYEK7ZFziS5N1cHfvfc85xznvOch5z3rlUkyKZQ6utbEioqrr2ypue2cGCc8MeMqdUsOUEr7NUpuQ0aWorxFMsCy9+5OI/kK4U+JkTOqOnHyEkSz0mdnyYIuDGz7k788P4dH1XIpgSCovqi+vr6oqJBOJ2aOlbxyZWy+51atZFQg+Hgf19QnavvIGg1FmDY4mrg4Ifi+SMXD/iQmRfaz/KGyc1mLPrYMxAbHrtZp/jpVed5mUDAUaMMwskg0Auyjy16vqzKpKUZI6DTdHr1JqEJ0gqjwuxFjdul1MQ72+ePvCQGtMKZOao9MINcB+Q6UhcgGLWBYRTg7IdOdH+fIABm4B6cmpJwEgziZ/bgsUVXSmpgWmhQ39Iw4wDexDAQLAx2rxfLMRT10+35I+9ORjMPk1M6ljjsxs0gAQNtUKgZAwX38PfFORVFU2gj2VMADGJFscA7qAqKRElnclI2aRf0MpqO3KjFDgCPaepgAB3FHPjpq/kjvz1OIHUo+iN5hLUgOQVmMmFINUyQJDnxTubW+qKpQUG9BJjxZZ0WC8i7SldXd65Wqx0VblnJpv3NpQMdGppEW/82cPTF9vkiF9/20UxYUK+R5FiAUBCGyxN+QkFCGFS88NXuiiIwa9Q3Dy2CFwr7FS6qPLF7qkpruhcevrtLPw7odaXyuhjInkl4ZEcX75ov8qhlbH4bJkfoiCUIM+k3BEjK0JsB8RuypucmKwbri7KBMqxsVD6S97fCQSKxWKy2wq7Xd8R6khL/ljnmSwe7GZCPxhjJ+SUvOTTQS2t4cnomOeYquPJppgg/iTXQcsXRixf6BwVT/SpWu9MiYtUdlIhE7PVWd5JbGZQkHX75dgdmM+Nj+lEoErPk4vkh39J3sdgP5GExgGYiZp64dkX6/QE7OjWvPX5xTwUMzdag6HETZ6W1lb0jURCcjQXO3nWtFRc30Bp16mgNzPJIu3n+dJ41mlIMgSiCHPSMBs1XEHEmCYsXXiSH96Xt/08myAYDkfA2/VQJipLWvp+iJRgNoXbULIMCN5XxwYvzQ7690ySM47NEPESSh1yjjr3ClgoLRndUFAmCFp45OAs6Xg6yny2Jn3UnA3mvobnufnO6zpwx/K958S1b9KNNNXU0IofI/dPkqHVW8+gVKLhOVXc/kgkkquBMQUY8RrJzb1GLa21ZnJq5RdC3khs7CfOdoeH58ecp+5pMNQ7EDosikpxf9jFTZoXCLLUPlbZV/GcKMPtRr63BSLVHkk/HJ0nS2pXyBuYW6KRhmT4ZiownuueD/JDjU3WxsCPsFEH5GEIjyfEM2CkaCuterfOjeoGktbW1BZisSC6KBH4SufLw55DQGelUxl+M5K+dypoH8u25PsY3IDcSPDdaO00CuW4muV0XoOmzZmpI3pVQNDgok2X3S0QSa1jlEtGT0K3BEPlpRg3kBlNfsnnig49Lnp18S2NHOu0bGAiRs0pXcBN/6ePTOC1JXnY4F9ULBlvWXJBIQuQtLa1WSUvw6TrXMrRac1wdt72BPDj878xnJm9PeYMhGHVjsZEgQtwMQ3Hkuoi8hTIwTIwjPmOo6sYxQbbIlnPABraCOrWoWhJarK0tNlUeG4wiJazz/8obaFrdFKMuvh+QXhpefO9ZyXHCb/Azjqox0HnYXAwctE53kl0ZhLM7ClqjYbTyN+IdtRUCkcpqa2uz8WRB24ErNtHIJ1cKlayiZ3rEoKQVHXrlAFZpmjS+0qqA9AV0Lc9IfsjRQKcSjKnGpOHAkZwgdegHgXz5ckyndZRCY1CbmgJv6weey/peJrIERbZYp0dllbSqJFaJbc0VG/BfqV2llARhyAZVfIyytgJ5P4RU12eZcQp4tgzh0MdQEx+cyHpW8iwsoaUSMEAdTBicDtgh3LBSXg5mQqkZDeNnTMUZ3tEa/cKKbFSmauv1RyOYGUJuOJLzvA38i6dtsrClH8xFiamX1RL26RJP4oPtyUYmnYZiRoov4+B3Lz0reeYyyJhBfMVxzTTcApIjOJDjJAjeZoXRyDDp6Uz6eG6p136wZulWcCmYz7pzdnpEACjpB/IrNuB71+XscoNNJ11tCbKZIxp9sMU9ApHocFkuk/4pTfjShJcz3sQB+kzk4sZxmivdavgiLr4xH6RAAgqFwYDWrVbHFI+Pl9YcOUk+7HNecAdVI0qlzbN1z2aPUqmytlhH1qwB4pa8kTNLNygLH+XsuDYCT0WpRE+v/KjtjM3amvgAs0VDr6lvjLT/NLy//ZnId6XsI/wcLwYfnpxRG/wGOizphEFxy1STVlN65CH5RmPO5h2xrsINsQfWrXvf6TwQe6YwyeN2r+spBM9ozfPsbMtv+2LdVhipkpFr7ymtwdaW/H/s6XK/m3R4JzgXwt+Z0mEv+OFU37PVuLIgVwZyxA2BqxlWx9PgBiKdVjv2X4zqe+4yeXmZeOuqlVGTe5Zmiu9tARHXLt3zetuBzQ9qV1kkLaDgDdd7ehYlATgM2/dy3OBYrMrEt8raPK2JL98/rSYaljXGLx/6gDXzuZMfGj3OEGFEpMfqvbG5SQMGnwoCht/bSxsdjmUp+sX6sYcPYzIf7N5Tue3m6nN7V/zIyopzq2+2b3HWRnV5bCowao+48rwkTxUE/2Lr2g3kQYulJXFFZZvr8GfdRppuFsZ5My799dWSZyHP2t9gYHlRuNUhgkhlYuIcDqMPRN3Q4PM1jJuWNQprRquHjuj1uSklldtW89Ar8MDLuej2zB2vuJJEeZ7du4/JVNb+lqDFU7nOJoIoG4Qc92+1XXd/vzSZpk1V2vKMo9jVNXfyrE0ddGhNiD1hgDw1tbm4Ri6UF4OMjcGHMKWxMU47dNYrbRr9Kiqq/U8/fr13LwfO38CP3HHjn8smY11K240/HhPBYAV/s/mLraD7VjD1a1cOf+Z860G3llYvkxfYT/59+MtnqJ93L+tI5x142MjZQ/O+0U2duXJhI4gwd38dYpPUgnRTbsnLlat//PrrrxGUo159Dg+hb9GZPRs81/7nmsUCYUjk3p2ThCm8xeru6nGt/cfObY2n6dONA17q5A+nSuZOLhZqUzFDmSm0wYDVt8vxvBTEeyES3THeYojRZSWPzl9/6+sI8r3iqJIlYXC8sK3kwO+vX/V4XK5C1xnnZps1D/JH1arrsTbXXXFWHaO4LB/1Zgx9987cydvva3v9ONNndR1WO36qCViuUlBmEssiuuUZCoWaZsbj9H1lFce+QPIw6D+iSkqiprWOsjqzsuRKj1hcW5uzdOn7rxS6kpRBV0+lJ89z9/2+fRrFBJAHDn738dzJs47QvRETCSaVNxWNRoP4qaz6FQo/OHYmNZ2Ia6zK3eQUJOy4GUnejuRvTWOj0W8s2dK+5Obqm6uX/LldvDSz58aG/C7nKotImfhZSV2MIr5x1KvAFHeu5FEmNT/dnDZ0guDoI6+lQjGWaGhqvJ9W1xDjzE7YEf1jBPm5EhiykeA4UDM3Tn/50+olYmdZ1GZXECeiu/RyX8EyIH9zeL94juQlnT4C8k31tNZ5IXp72Xo3CntyPLluoLEqzeRIXRAzKZM9vwvJp9GXRK94jPxm2YqZl95acq9s91VXYeLd9kOdd84OFJcHjp7Yv2tu5Jk1HbwzmSaHyhnETgKFDgvTEVMq7EvrTIY70grXyOo/ytzIks8uu7aByUxbz17W+HdeX7f5m1rnl6aA942OcuqFE2lzWw9tT9FqGM44EJmj7zCNxRyn1Wjm4UKXJmZMWNxk9IH1qw3jJZ/UCyoql/z4VPK9Jasjx6s4M5o7KYsqW/2X+w3l5eMPy8kX1s+R/JAjrGjekatNnTXysRgYp4Ad9jS9GUyTj2hqMkIsNZ6u2n1ssKj+k7KNTyVfIo68jcyoqNAIXpL5p/+7v8BO3cGGmOHcOZGXdBrDA5EmUO1GU2lpscnB30tIGKKXMRKGOP39Q1Vpo0KsIw4KEtraf73Kz6Hvucl/+YtzW9+n2INvJ1+YG3mZfp9GjYxhjzI+Jmw+3aDwKwIBv8HAcxsZ5laTkdDKu9tufNMlPrSzEBcnwF4mo59Cfm/mfW2LiirbGzadKL1johzbeI8Oz2mEpkAHC0Lz5L29o/rGNwrMuAjCttxkBPxEiFydLMz56HxFhcd144tHsvrswaL/yB4tvTkL9gowicdcTfSSvdMuslso31QX13A28ObwaNlvJz/U2UwTEX6FGNdfPFLOtr1jfxu7Y4UE3WNB2qiVt1VMDdZDicKzrraCW4JTboiKRsonSHTZEy+HIm7fvmJ9n7xjInBpLjG0TO/QGLgZEPsiTHp9NSBzHZ9IDoL9770ahmiIq60YlH30/fmpQZHreVw+LBJILO4z19v3Pknl7YfKlrw1CzsO19zk49rq6gk7zJ/nkHHdHtWop4MnnTqetv1IeTlFhmrNCM61aakZQrv9gmzqvR3OnkWy+oQEXD8czFa1StyFCzN/FoFW3CzL2Ry7wyneFn1uxZPwo1Mgqc6QSr3l0oIf1n/Z/hvJuyF4EpzDRnjshjzyT6+O5NsQpV72hP1qVjcMOKFInpC/M+r6ItA2Sy7CdRQLrFxl/vlcZMyPFr8e61Ep3VcPLHzdmSluj1792GPZeDHuU8XJDLaHLuOF3z4nqupggJwh+KyQdghHvVLSrAv1ZHtJbH6HL9SE7o6vtCehqH7kzPVvFrYl4AI5GHxQhLW3PJsrdseeLzG1AomG2dyOA4W2PPinEZvbc/WbA22v78nctjGSfItcy9zR4VYqXDr/4cT230bebeKScIJVuFptrCmtvgOPz4ybO7g+J115uZc8ScU3//Oyr7Srv6jeti4n6dGkDMjhJQmK+MqtUrk1tu11Vna0HTgDk1AobrErW0GV0mZzn/9mYXfICYHxtDd2aNi1YbZgNvHa+lejfgv5Ln0zH2v46GkS7osnuaVmEgWbbZfbScrs9ZUWUJdLr/QXCdxr/le26AKSA/p0eV/SrwK+wiQQm802EpQE+yXcMgD7f4ItSa5volbz09W9W6pMGoYOoAvA3xU4+MGJr35LRTTLZAwxs9HTmFYTv5ztO9Xx9qLjdhgotPJNBTqydEeCQJB0YI1MIBtkXeJU5HKECISrjqMFwWeo7ownULPLcx/g3Xv0ReGohmZoBTeasA712genDv168l1Q0CIAmKMnaA1YOQQ1O2UOLzODId4JLF+QPNZ4xO4lY5yLiuqzt76HBs6iS5CcpbcgpIo9WiUcPn9XeMpXclc53/pxxcboe1md2GxM43IH2qVdqiMLXvsr2suvJO92oKY5W8FbaO5sPGIuLwfjwDGJmoDwiRPR8dyq0YIMHeW7D4VygWwKnQpLjnQRWudvIOK7NVy/bYUJaGGPeFuZc9fS/c1cakqx5OzWzIyhD078K/PXkgu1dIib63UrHXgIA5LbDEECNXobgjjemValLcBOfdpU8gjshe28YV8SFccYXiu3gr33o2VHWAqSWyxg+EDu7Dqw+W5lMf5YAnUeXh3Wgamf6rv368gvdjZM14Xw4BvzmTMgeLLj0x+6Pt55v++Ns7jnzaxIHnNeOH9MVlHxST1LPpXNkk1rPtK8g5JsSSu7DiCBZ4Hrz1cnv/HYXIfFuESMQukiek4Ul747lfXryFMcNNZlQ3UhoHRcRv/tlUp1FIKzocmkrzLFn9WZdeWg9F7tQHfl8xe6etZwvkUwOBWp3OmGFvZLNix5ZUskUBwKgrEEs6ce7dkazPOsFceoOa8A5CF2cI2BN7/7OOrXkN+TG5mQ8CZzWqdDR8h1laWm9hJNm2qEuQ8LcKyyO/YChNHReH3NmgsVkOICebaIc31BnnWG7i2f5HxfcUwGxlU/KIA0TXZ+ssstkrju7iwm2F/KbpThdzqU6ygSqug4Sn+R/LYpsizEogdQB2gqAS6ojucKlx2pJu3eUEeuTgGrjZXnZTLMtgRTEGGwIs6BB3+2Bqc8MNmz+xHAT0mwDe1Rz0JXq1XlWvtf+QJcUSCIBZzG2UFq/tYuDbxw4sNDv0yesm9mRShMTpIUgeRGR42+rvohpZMiNkdOMkZIXgRFKAmu2K7djxCdhe0PoweRHD/dSRdyJnfkPP/9hQsX1v3xi92uJLgI5I0N6ax5+s0sOYKzG2EDl39CB/ML5FuWjfPZ7fS0n+IzQwU6y+ZRYc2ReFA4CEkhOTYWqtWlk8fY5jhZfm2Uc+EVaFZ5fJGcfwxBlUpl81x95crCnkngv7LBrWq1gs4PP2AbxDDrIMMDtLl6CNvCvD+c0G/5BfKSTnVkqRxeSG5GcIpWqw3MqD5u6DQVmmEgOQ4jRl08eQzBBe62kpJdiTb0HD8XVDk6SJEIkhZ3UlJhocetErH3VJh42BnHP+hws4+uuXTfQ4gj0qH16GCeSp41SvOrE9PWQrJzCLOBodXHR4VxQ14vONzI/RRhcjDylutnrk7WFtpEIrbVaSY2q3O4jEeRKE/V0sr6ekwLoES0svE0t5sBExeO/fI+/ehDcGv+SxhLn0be3thMq1lT4dTNkyM7BefpdfrOt8GH66jpWGGO1LmgdXB30ohr5x7IwvOsov7+CPRwa4hl2nLwgor19S35hx+UOBgCPbE/3F5FPnxVv28CIxJsBMx8GnlZsZqfTWiO804dyM0oCobWJJeWVutQ+M2grMWEyCuQXNJSAWsPnnVLu1zKvMjxyWEiqQUjJ8CqeHaLBbOFVlf+3Z1QqydoI0OQIXKp4rlXhUdwJ8fZH07cfhr59pjQJE5T3BxBrgOVq5nmTnl14DKafThWTJPXVmAb6JRKZYH+SfeZyckz7pltZ5G9c+w5ZzN8rBJ58tf+IasOydGbITo7+1Ic/bfwIfjkjIPDr2Y9hTwFqoYMO49zlDp4UzeQZvwJtN+4qdEEayAkNaPHHxstqFR1zBeoc0xwESRvxNN1vW0VtCpAuvKkcTrzOxq70pV4V1wzjtpKN2DLvxR1riMD6/9VU+31UoHXTvRtm528iq13Inmc3MEnLgq72V7uVRCEMU1eTXp1QO6dbqzk8iLGF1MLdg492irOgEVW94bK6zc8yhYJwFstvC+fTdCuPIl3/7Ddkcqmiwokl+JfDtAtH/rdl5sKzGcXDH33asms5FvGfBrGiKPSN5BmJDjyAKrVa0iF2WhdPJj2ExrlFUCeIysqkvRPITYMObAYpSu2dvIVjxJmQWgfs2PzFqTMP3xXPMAVAgl2JxoucZPly3/6OGXfZZ098NOJ7bOSZ8apgRzshXY05hoNnHNEny3VGVI1A3KInNheHQmNdo7kpW1APhXSK8epdK1zTr7itvX397N9oU8hh0Hamp+49vOqBnazFO3nRhIJ5OX/HF4srDZ7FZeGXxTPRt6NA5TRgLZxk4whHNFAA36NQ54bT3qBc6aw3beMWv486py1lZC7E4HJrOpyTt5Y5VaiLxTN0vnHXsEEIBHWn7UcOU2x5F4zRcKK7u9qBt42U/FY85qFPMtBs+R0hzDXQXOi0EmRfEFTnXDfWTTsyK0s3BfUecp7PDnn/dgYiq2f7lXrJp1XNnggCeMaiZ5MHhQBef5hJAdrSWd77uEnl2OGoTv515eq3qCojNdOzUqeoqUR3egb0HcgNZ+1SMG7BG6N1VSH1Bx54Mg7Ut6D2ZwoGAZHRlbx/e6k2IXOnhtbPW6lapbhiTepehecy+fCBoJPmBQ4nqTgcSk7eMTFNc9RGW+euj0rOd9a7qjqZHoJDc31OkuRPMM4VhrPz/ztj5MbGMf2T6aK6pEcQULmjpEdTHjEtmFdD8BvKPQoR9iQKfo5uaQlf+1nmSYseIe7Z+yUFDJ0rzfw91P6Ud3ygye+3Da7zkE04/I0E+MHckBXIDkSGhs3TbDkM7y5joWnjXFlUJkblERkhiF2FRi4pNXm2dDVs6d24Y0NqHslG4IiySX9sCr3WW1aBxMmN5A6+2ldOaYXijdPfCh8OwPI259MvrLqdDpN+OvShOPYA0ak4+5PICfLpdS3yX2Os/bHxUzhE6FSfWzwH2yZre8WQKFidDV29+QeZ2VX7Aal250EzTqgfxBIHluVrsNrX85km8T4hFGNpg6KMZN2jP0v6fedLBj+ahbye3If3PLxXCH8AH4bpYKt2UiBfFwYJo/cm4Bbl+8wDQPozgf7g7Oktvjq71cqkX5dzhfXayt33riW0HI1yQ334HHl5+c/+Fx8G+ot6M55dhYdXQBI4Oj6D4XxQ8MXZ7HzLcXHU+njm4RxPg1aCrwVLCiFflErNH1LPmGEsn+GoEF4A8ixs/+J5KyweWNQiYn51tpDjdthI5qztrJy58qVu3aJS7qFxfuS0wmCMIBgXQSFMnObwO1QAXhJ33Fp/WwjNDOmgdGYqgYa0plbWNxSG0g2BFM6jtz7871aUm7XU0MVupZs69PI+UEQfNdq8ThNWm1ysiNuQC5vBFk2YHKMw/P24z7M02ZKYWDJGYOZNRjSTp18bf2L8qPru2cjj1NoRoVpDpoA8l4gp/APrYAxm4H/snDT2Z9tYWUHL0kwMWXH6mUyEQTxJ5Oz0CpspcTB6GoT/v/WzgUoqjNLwDIMo01H2yF7VRQfruGBoZwtAq3o+mi1Iogb4+be7pK+eKO2tREfM6Eu2FEwUVTm0lenJYqKODED0iI+EsSwNqUDbqLtVVSsVZkZIipTNqPIRrR2HInWnvPfRzcPlGH2D9DQw8jXh/Of//zncRjoEaJEmrHZbDAmwkzBwnYoWU1MZChDLH7Os3Zy8vHeoUXvRHzY60m02UC5J2EcGP4VVDiTRUaz22EbPl3/2dNu5LB7sV/L1vbdqKApQb2Qt2qGBkO7t28vP1O7UWhpkTFjY6nYKDm2Rdpl8SmvnQcVRMOOnTMk7GD8ddFo6+h1m3sjb4NQYbqW4afk+Ue4D+Ny2MWB1lBFt1k/k4jksa6SW6DmQWBCeibX1u05c0+e6QieEMuUil5aFJE1Fh6UGzs+Rsn6jWNh8DNWGTslTT0ybNiwr3vTlurqiHmgYbKWC+MlB4t6BvoCJaCL01NDJRXa4lcoP94Y2/QEz/53j/Wo5z4Ht3Xs3H+tqg0eaTbRAmW0m7Q8lBb0RtnjE0YyEKs5VuBkckAfOmtTLUL3TH4ezAqlhs29BIwwkvFgz9eWSRovvOMFNG5paENDLLW2ClLmK19ue+Xa0Np6dn/JRpcL6gZoyijZSbcxg+ZPNeLaI4UOF+sYCBqLP8YOe3Rm5lfYRt+LtgxILlZfvoDgPsGirj2ss2hPoD8hSaHT1zqtwZOmrx08BcJE+g3bXunJxiTOnd3kEUsRrxntXbNcJ2uiZXi/tDzNoZjRreDwQsZiUPfxrM++7o08I9lFioai0GvoPPNBgp1q96syJ7/BhuoRkXmReZUXIr5FNb+S+Oqem5hzJ6xQzsbgziMhJpPijd5UsH0LTyF0NHi8HkhIzi99/P26XmSO1bdaBZGpCzguv69l8OTG8EN37949dKPy4LvX4QSFc7L8VSL/Q5WhTt77XvwtIjkqtsliiiJVkH7oHEHHiQFeh0QsAaS7NvVym/tgtotGalDxbo22Dqwu9/sSd/up9hHh2QEBd7Lv3jgxKghazLa9hjz3rQgz6AqFImftINAKGxNFcWC/LRWBgK4c/MpHmkf7wgomlLkFc0ZFo3sh39mEN0+yOQl4Jz3XrKFmxtnQ4LzsgBogr6kcNGrKSuwbeqW26M+dSBgolDJopYk/ctS8Ph0752kLP3NvoCgz+5SGDMywmziQOeoWPxQndfVEvrPaJqr/n86+rIWVVxdyZvKh7Oy7d7Nrvqka9x+/+nl54pVyzEL0vsZWGZopQm6XQ6yhCcnpqJynQKAzmSihy+LRLvA4CgshvDCo4XJP5BcmmWV7JERxrHJw+St2l7OTtfNrdSDwgOyF3+h0lZG6yHtjj5H0Ya8rcS4Eaz22FmxzJuBxS5ODm0SS0oJAc5GZsIuaiYxqtjgkEDqSAxBJjq7oTv7DEzfVjLoG5Dx+o3bQ9zxmi2VNbYS8Jk8XXlOzMDxcl/R2Yi8i15MPc96KmMB5BFEhd7A5jl3WZBtF0bgZm/et3meOiqI1JxeNOv5uvRr54yPDeiDf6RLJ9sR9j/IgTQgyY6c2ZyV3bmGNnsDKhQHZAH7obnbAnTsBh3QnIGmSeDv3mB5ccdJ5SJDlXu3ERP25M9bpa0tDPaJojOPBStvZOKkpdR7lIeeOw4ujIZ8HBpb5Ismc0hFGfiwPc92G/dCNfGeyTXuhaKsRvLugCbkcTbB4aVdt3t3shbrwO3eAHOgPNQ4Cz3vu3LlYlBCDWVCMbWkpXX3urZ2pGSOshlJmfBz6cBY2zhGanOCCUGIzigdzWff3zVsPgxfIjiOTX9TRmA6Ht0fy8yVm9fg12ZFNE3RX7Sb+BH7w0rY23aE7eXmgMmAbA7ID7uadeC+pUqfTJQ06tw3CiXrMTmD6LUa/4TakjnKhPWHHjhsjJtmMkoUkWGELNgSfd4GGei1oaE2LM2HKcvCBUkYmj/VK2oxXQv6f3bRlttpOjq++J1n7+hBlckecURAqEioX6G4A910gB/YbIyrzwsMDasIbz1xsjSk/N/bkybEYqdDPuTh30F/eS1l2oyCkvmBHY1uoRNxnC8/n5OyanWxTGpPAO8Q5TO8EzyuTi1OiOOXK3it5RnWxh4RB0V6p/ak9oytpOiCHi8H0yY2NoDEKOap8zZ0AgJumuwd6s+q7xsaOVYtyNyx/8R2Yn8ZfbL5RH1KfVrAjYyMOM5DssuvTFGGoi0J0ePIUbMN9R95xpqsBcF6ZgaRoy/kuXu4Kq1ukZOeYV78PKXsmJ/OHHnJU7Odua9WMJIU8m6g8fBJSHxJS8NfGk39sjMwL3xEe2bglZZXuxl+nRUeHj4iMDjl9OqQgsm2pkbXIyScH9O06DTZGJDYeIiszidSbvhTIQi+ByEpC8m4R0Z3p6jgbLzlw1XmBbHdwxZTTLTah2JAKpX7/EnmICBzOpLy8hXCmFtSnAdyNqsqFNTVp9QXRCyqX6XZEp4WEnC6I1n1TAOgF4SWnWCTHMx1M496m4GsuEJv8+xz4OPPZ9+ucG0WBJjEX3k6+E2L0V7udocMLK2jiNQicBfeDHYfa4pXE3l3meHwSRynKda32ja1Trv+mkZDDHr2ry7t7JyCtvh7EWr9jQHh2dsHpkNMg/wELCkJCQtJg7dDtgP+1vsb5Z3TiAEpyWLBBHdDLGIFDg0YmdxX97P31ZtFmQ0vH+sjvf1jbmXx2Oo1tThzoigOrKDmOR5H4z8JRd20cFrk0iyJMd7pc9ckoyNtunQEG5g6QLzwUCSLPLqgPQfJvfnEIXgRQ1odE591ASZ9Oqw8pIJ/Wh5csdsQRpZMkC6Cfer4rIaGpTCS2EfTlcdHo0QnXMIxPiSBE9VyZubqLr7h5pEukABs9W3TLOJEEaEx+g/AsSsDGgfPBqSgmqs4VkfRzvEysDNoK5iX8UM3CPJ0ODiYgB+6QgkpQfwJeD8pROY2Qp4XUL4icdjokunLkU8yMae6+lHN0V6FznjuWY3PAzIMjULT6vyPcHMMMZDCSjL9nu4Wd+v2bmzuR70QdoxW30mFsht+aPPKmuZu7CD/MSIk2ps7wYNXv5bkmX1zf+m0krsoZv8hbeDcg7XRaQdrpabqF2SH1CA6/gh26afX1qCyn63dETgspWFCbziK5TzBx44/uPeBMhqCDQwJl/DXoy5FJbSaG8ag9vxZgmoqHvx/5hUKbmt5Hn5IigUgyE5Hzcasaz/OeWIiQVO+csVUtwwm6fnDrr95Y9Zefb/1WF46mBZVkGjgGNUgOnyP56bRpIHSUeXT0ghHVZQ6JqJ66jHE540M3Qh8Vw4Hqs6ahmc9WvwOVhyJAIAz51t+pJYADNK9cvbTizFdiX9Ah5jD+3Hln4rxbiMmL7dUZgxAcF8o96IspBw8efBm0NSkP3N40kHL0ggHhd7KRGjVmAWpLGnwBJqdyYmQqaPBAEpD030RxjqXQ/OVqoaEqz7v4/rNnkKYoFm2EnMVd4ViaObrWn/yHknZy8WSEZtBxeA1kmKnkRbW3+JHj56gqLaL5wIgXo1DFEVz5iJVQK6csWpJ3qCYgrSD6m8rtYCwBFrjT5G0JuhICSnTBOnJCMU1RbKdRzKg7kuPmrvUJ6aX4m+aHPp4KYedigQFyOS8lQfR/3WR/8tp0NVAAPoISmoF/iSPZ9y6TNY1UlNhSZ5j8AqsqEFgGD4KCc70eihWmzE3SRebl5UUuOZnSCKdSPcCmgVXcHl2P5GnRSQMKm2xiLGwqEy+js+TNroydbVi/3hXIShK4hTDZOqKMFlFlFfKrGIL2I3/SrjZRsBYv5sSO4vc1y+n+TrkgC0sJDNNePeIFFuCoAgfqd2Mgug8VxC/fjdk66ETSksFb3p4zZ1DjjYXZBQVwEjWOGxy5Y1pBwbS/Vi77qDa9pRRTITSS+53MErHu0t6EtnQOPmenFj376vw1ATebQsEORTX3kQ+3VlDEtIiC3SsAOY8G1EghucVfW2BhXKf4QMaLg/8jYxP6L17i9RNrPjdgBd8cKPw4l1seoz/3xzXgfh1aEFk56OzZGZW6vDxd5aqw+P0ji7HYXs2Pq6KBRVQGSisOiLAZjVeLht5/01ksiJScC4RK2vubav3JM6o5So4M0U85DBXwJtbubaZE1DD2uSJtB2b+mzFS4sr4y0FEVjQFZ/gAuD4GY+OQesC0ll4OJZ5bdCapsnLJGWi7bT276N6tM/cWjR2bf/xJqEdQpqb6zzciKR2eZ/fCnMjmHNbYUPTs/rondWqtiwNCJNhx6Uce0S4oy1QhijbhIWcCr0SgmECQyvQ2ycHDyyUZVROGpl0PZowKQlET9CDgxtVTGBFeQO7bixYthzZWLATJhTVHfwxay8owUoRBFjur3BiVcAipqoprKJkk5Nh549CizE1PypCcHKI8f/VnqCwqObYMaeQcCp6DHWpCxcfZTO0JQI5JbIuU422BH+h+cub3qjmE/2TuVmT155bR8U50+/YGLYIO37zhGLSWlWCsiELtdEhdZ0mDni69VuKOY+3Gq5mZo1NLaZQ5ktt5HHDhR74Z1E5U42HyaL6jJnxkRIo9FWhdanlol+DstcR5GJvYXpIE4IQcS+S02jh/ufvnoLvWzm04thw6yycoxswkqVFsP30ff8pV4h7P8sa9SM4IsswxNod9Ln7kGelgymVkdQKeSSDkDMeGVhcuZRXygYKNNid3bF2p7kwNHLQcMbsoCxHzlfIrWpoRk4itmDlctp4EXRmRZoGI7YSOu/G5M9DIs46KIiAPJHcLcq2Y2aWOa6dLq3lWohwcLZOLXum5NXkpaguLeX2b0GwAe0gEjh+06hplddFzlDCQXoEH7Rv0reXlF/PHRLhJhp7UPDm6kGOdX2Eg+k+mZ49HXwaZ0yzZDt7Vb27WyLWcs9DDEkXWsuuyQZKQ3DJeYGwC9oEEER1XwXsm14qetKi5+swV6BpJeTS8zYYWvYcRwRgOkUKT1z4kMyEzR18GmXMkaGVswFKoTuRmj0D+Gf+ou2wkHafSI9pxuDe45AOFFqbdemIrgK8kb/pENH49kqtfqsN9lAeSEIX60JT4cQ9cpcpPwoCxpXNsQWoA8vEOiYN7BOo5h2EruCit61xp+QFOkNLItY9ycktqu1yRk4Pl5g89QosNeobQFJL3mGOd87SdlUV5Sq/ot29SC0Qdy8+mxG9vK6MpmqioF7l9ZxJe3ZA8ziGZFHITjyf/KTw//cm/dlb4urS0R1HgRIbNATXnLOSPNgz01LWkZ3xyJUg5gkDi2/qxYlB1lqfkX8LBFQyZz8ApU1Q0cskSeg31HMzirE1ALnix2Y3bhyL3J//BWcGoG1QlxwdaFB1S02UXZZHi4AyCX0GF81Y5Kjmyv0SJ92PJZUYpYY+2oy22EUvcjDFAn8bg5acCunLs7PirELyoEymTHTba8w9nd6mFHk7Ixc6L0JssoSNHfu6BY+joQ1Es/TywQ26HQzuOmtvvFXM2LP5vta5YeQAcoLOd/mQHKDovmmB7Ga8eWedsF6gKMMvefed/6As5oUfLkk41g5tvpFtaSt2pn7xcKZNf7zc4VgCi0PPjQegUw8hbyqsqOosXUkwN2R5KQL7vyJtOm0Dd5OFO8dMRXSvnVziLGUVT/PUcTK10qvpyu8f0ZzbOSNEi9iKqR2dMYn/BScUoeABhoOlm7BCzKQODfMoisTefMxjZZI8WHfmsDfSchVezN6Jbt8JElRyX4PfOWqZb24pByey/83joOgOMp1LIydHZf3LM5kKJHI5oiUVykSQw/CJRsEFPSbBBoTHEavhS4KBzbK+1e4fIB4S8u7pwjqfznGAAgLzZ0yy6nW+MIq4tloDq+w2uV4pBL6bk73mQThrzCLqJ9UuE7EpwAbnFuG/WaGdpmVABulKd0UNXTrCZkKvvuPDRK4VaJ5k8jNHOCxRT2taxVVXyGPnI769VxAOKmJdlzmKP/BNttOD1ZRdCk9fv5dHvLfrqpyW2QMrIhjbt7KkT6km7r5HfV+hP2yVzRLWnmRlvN8H2d2FBH5JrBSwI/vfDqy8abfrujPTPlRS/IGg3NsBMeA7XyZzxDY9nvRlRF+iJu7mr5+6znYHYDqwcmyKm44VYjHU1rC+0xVKcZAeHZXxgxyjFQ7yO1fBaOWq/taYVy/seuKHEBTwY4CdxfywI3zsvwfyUjYO7+syps94fSYsDJZw73xN5rQEbsgi5lkMFcH5jwgGREmiLCaMUzm9JHI645HqVvPUfsOpXxqbkfzq5eiApCFGqWNDLOBWYYA4liuMtyvwq1cCJFXudvcziHt5WDP8/VDZS1UOTlwC3wcKRdQJHc7zAMMVtS4iWk7J4f8fqH7ExIPSPIqanyyX+KCwex2PdnLD3JkuSWqFFszZZ2ylml7O3aT8fOM3wqkUm0CbgAlDYLxZpozNdwKy2KVa0taOWyxehl50vbf1f+nJA3/4gtXBCrEBjag2FbocGXxbLE0jSFkrlzFTT7B7A1Ru0G2cCr10rj2MR4YEDO9RWmE5RNF3BUaR/AsBVw/L/szZsK4cmnKp///oyTkMgwVjMXxDuOCxwHwr1ZsEbXbNX9DpjAa9zYml1ggvAFT+AZx3m4HmMfJ2mBHcElvN9IWt5T8ai1yd6l3gMdFbABKuJ2/95xZMmMF5yDtZCQhekOdw+depX1mGfoVXplfz9tuLApoRrZWonCzr7Devb6qKIpRFoztCxFbGJlndT1zlz+mXXj7Umnjt7cuLwX8Y/Gj7pc6LpJiR3KHW03sWZjz/MSJ396r9+4qwoSwaRC4pt5XieDXXOa45lWgTBFmWrCH4Dgojyf52vDzDY6dxv/nT771ZxaAe4DU3z+6uO734EbuMDM4kcccjNqnn5mbNm/XQAVuG8irzW0GS9RquX6Cga0nyF6+vULqgWZsSfiMS7KssGsG0Xtyz5Q7naYyY3HJD2J3236n6l4B8tKnTLL5qRtGb/Lz99lJ8fhh6MR6m49tWcep8VfY9+7avJfxg5L9gNdoQhZ4JokuI2RsjDidDQ1yUMPqiQX4/pTK6fczJj7hztNuozlHK8RXmWmH2crRgD9NDkv/wFVERvP77n0aP8+T+GhYHb+GSCaCONBajnLImkH82cOuvC6/8+0ZPCtjKBUrS8GdKT1wrdWhjD/QT74OWbUGuXhsnlHb8Ny91AdhzGXBKR0/+lKQ24+hj8CqDPvj3ozOCqNSdm7H70KP7wfFgpYWEpMNjXxhByXKyFJb3POCnvteSTI+TzgESLHNJT/Kspqi9TvFbxtUicotPvPyZ3y4DJy7bMffviudzbiVD7CYFcslRtlj+HilBs9180aMuJjjUdy47vyUJpk3U460ckPx6MLUycHEy3IzlG5jZNfg05rgi47SkTzbmcuNBJhWXaRHkvln5eR3JQFn+JtkI12Zqf7Fmxv6PjuzNbPvnD8ovwAubcvp0IqxU/YL02qPTy388ddO/Wko41+7ev+GjPpyBslLYMfhg+y0/JH5Paruk5GnV0WopWr9v8WnJ0ALQOP2+OhCIX1VWMLQhILvdm+ZPn3hqeNWTI7jHjjm+vqlrT0XHi1r1vB30CJSKLFmGhyItBQHyiA9b+7RN/uUeGzj+sMCsLycNg4imN5L4cA4T9v/+sD39BrNbAaX3mdqw3cWudinVr94NJxNXtEtc6ds2eIR9//PGlMVmP4nfv+ei3E1dsr4KXQNYIeK+qGr5i4m9/sgeUGqCJgvw4PysrC+GzcAH44cP5qOjYZNhMdiiqOSbhimb9Vx/IMcynXOlMFnZ6sEGgyBdI7nxD3Z+gLP5Ln3tveNaYSwB+CVHy4+OB79NPd+/evQcXPMaDlJGZIP6IuChlBV0RObyFpTz6GlvGTURbWLmEAf7kbERfyEHNGKVewRJaHez29eO6M5T+/S+6VvOjYRlyCdfHiIILRQkKkR8PH7LgTX2aAMPCj+RrlR3R5+MWhYg6JsmJniP8rx8XbUp9Pfn7CbR68HOsPdQKhbkUxhpjBeHza0vwSkGOIb02NeEK9nPO+WPV7o8vXQKpvwdIuFQYoOm2EBolfFglP6wJHbbo8ZLiKBqg1YyRCcjfufB68snVtCpkzmF3O+eJAu0RW2Ih9VdcAnEtQg7Kkgi70kd+cfDEITL5EFlhX71UW6Ly+pGHITkWt8Rp5DMfz0LT8jpy3NlqEoFtMBRitxyWtYu00P4AjiGFXG0nUysP14y5JC9C3hUeBC8/S957e2n+5ETk5J2FWovVw95/PfmAQNmOILl9b7Ch1NYcJQK5QHOBUFQuazmqOZKrs0tyZwxHZQHTIpPP75mrJ2T/Z1DPgTy4OMo/5uIFc/7Z168nn+3Wgv2mP08odLXYuChl5nNC0ijAVkbJqL4JebsI+1MhB7Xt/0JyOEQrokx2WVWIzIcWfd8X8lokF2U9X5wc3C7a6FgyrI0zP7lHYolITmyiInMc07tmD2qLSj6/n9gyOcoc7LGmLTySf/B68gdubRaEKTQ5+Ut12qNImzPgAJWNYhCBjlE97HOgLJeUlaUalP7KHBrOgdyXd0Hy1ZP+qS/kWojI9NxZzSAzkEOSInAJOriK06LIXG4Vvrj/OBhz2bZkIXq/xI5qDuRwhqrkFo38/L/1gdwlqMs03WkQFXKRqUtIKgdoQv5Sr3YU4huU7o97D5VlDCFH6v4u2KBDMiBahXVYPpk/65O21GrOuFgBSVQGuWM9VIswsASPftU3R3DVMOZuqcq6pC4CDh/6IXd0G8LyxznbSdYFp++Q5d33uE+2ZWegluCqMFjdymA/CkJbD/Dol8l9eTjis6xadlgjP6yQ909f8tE/N9MiJ1fIEWVHez6vD+QZBlojv+Z0y0EXHJs4oepPX6grBo24ls4f2zFuiD/5/P5ZRnzBqOYGDusNfVMbvFcf3183vA9naDqt2pbia846ouIYCShej06LUpzg91cQrmxLLG8co3LD6Y9C7+8uBWX5W6qZozFYoqJjhXzmO304/YePrFNnyha3BddhUI6QmxMGy9Pv0MUlSiKTl+tz38IDVCPPQm1B7H7oOXiKE61mDGdSvF0p7bLwDVMzN13ok5crqJmKtdZ2lDmZH1ZsvaeGE4PeVUSO6Ff0uWdUclzvEXKg6JcxhxvRASUFy7MAD+A4J69oVmofbxZKliu9sAyg5VTll7UkG0fIX/qRQ53TYDz6/RS933qej13y7Yqymni7hZDbTXCInu8DeUY6rXY1pEcE4qe0TYxqKcVbxUqVXLHnJOBzDjbox36K3l/y+fFhYUMmGzibUqPC8XaHTD4zc/Wb77+efHMbJ5MLtNtqUMgZG44GUaNbMX5ztfSJc6u0DYrk7/WLmpjEsPj/DQYt11pxSCzagu03WEDU6/o/s5GG+0PQzzQAAAAASUVORK5CYII=', 100);
INSERT INTO `usuarios` (`id`, `alias`, `email`, `pass`, `avatar`, `perfil`) VALUES
(3, 'barney', 'barney@fakeserver.net', '123456', 'data:image/png;base64,iVBORw0KGgoAAAANSUhEUgAAAMgAAADICAMAAACahl6sAAADAFBMVEUAAACBdQJ7bjxCKQa5uLPOqg7QgFtxLQPHtRlvPyOnlgz0kmOilk5CNSxvTz7s0x+rajnTxJfr0ANrVAT1lHN5ax7XwUqWSCby6+P00w8mGxCXWUheKASWjITjj2DBpgxRQzr54EaDUQN1amOGTCSRfwPnwhlwWkzs0zH0m32hjR/7zgOxd0v91QuJbyDplHOFOxAyJBrIr0dgTgL0k2tyTiiGURnBsIR6TxnUlYDq5cGgaAxfOih/eHZTSUd8UjvIuCdsQQSsdGFxYST82gKbakqETSyoWDenbSj71R6/oh/3pHznwCleMhj82wv5+PVQLRewnh/8lWzIjVO0mwyBZwL53it+YE6PbQ9xTTRxZgno0BDqnWL0nXR5bDGwqH7qmX3ivwjCfE+KcWFQPgOgeALNuzZRNylyQBn02wLQpiGOfUDc07mMfjP2m1w6EAJiU0nYkVbZjGmFTDN7V0abViqYjWLIuq363iOfhgr83RP94gMYBwPAeDiCalWIQSZfNATGq2fgzjCqW0aWg3f9lHrr3A++kB/nkmx3XANgSDmkeBCAaBCmjTHYuxivpKDn3tmOUQZ8TCRtVRj5pINsXVNOIgb65Bv30ytwLhG/ozLBemD0nGv7mmuMf0+qn2b8nHNPPjQ5KyTXvCaUcmLsykmFcDL5+OKuiAq/lxHgzx+XVRjUyqvCclPppYNhUxD81BKKPxtgRSv00wL63zZ7ZFaPcAJvVUNiWFR8TjPJjW75+fqMgCD91QPTqS/8lGSGVDOYUTbw6tGFUzuBbFx4TwXBuZPOuAmDgYj94wywnzBdTkXY0cvrnGzrnXODdT5QLgT8nH1uQy7kwDVgPRn4m2W7hBKGVkWOYwI+HAaFUyyjl4fTgmX30TZhPgORgA58TSuvjB2Xfmb00h93Yy5AKBhwYln13A9yXxnOflK9lwOSXAd3QgWFVSSBcma9bkr4p42xZ0b7lHP7+OyCdw+FZFRRNiTskWKGe0ynj2fblGz52xuWhkx7MA/Nwr7////AX+E1AAABAHRSTlP///////////////////////////////////////////////////////////////////////////////////////////////////////////////////////////////////////////////////////////////////////////////////////////////////////////////////////////////////////////////////////////////////////////////////////////////////////////////////////////////////////////////////8AU/cHJQAAAAlwSFlzAAALEwAACxMBAJqcGAAAP8dJREFUeAHs07FxwzAMAMAsAAygCh1r9TplBXU+VSlRmoVKT4BeA5Aj6M5nDeAOE3gAukxntw6YOLmLPYDshGh0IljgQeDl8keiQAqkQAqkQAqkQAqkQAqkQArk30NaAnh6iPez1xDr8NyQuQ0ARFBt4lNDvMJXpBoeFTLO8zi729MYgVr//adCoqq2IUqPuSN+Hr2Sqnez/+2oKqPo+MkgYhLn1D52sAykrusYLERzobdhs6JWJoXAwCy73U+GIIK9AI37vQuRRRBVJpb3pSDWWWutVcWTP947cjKICENKiZkmuaaODkAoxpxMXYM5OLFbDAIxRhsdYZ5EdneQPEFsU4OSe95wd26ut7acbC8kHQ5dP2TGgGnNOGxP22V2RBXUOSdN0/BZb1ekhcAGWQ04DANOXX6XCU+Xy9uek+AKU7XucPXa9z1Oh02HveAHMWbsGrkVhPFii/CKVZPu4mJxBPsXSCxYQaRRcSB43ebVS5C6Deh6b+FKqfLAApcyRyDtg2BeJ6Nz5WYRgr1VwLwc6Crrurs63zztEfAfoJviDmtZM7+Z75sZ+e7648flNzA7ttgC1XaQJn9Bgvi0cZIkECIMQy28RjhCBUp8vrra9D3gnIBzHjRa6ybg220RUOT5Iil/u54YBCTlfEE5iYD3X15++M+HNXKNG6ErbYw+rA8i5lys3zrH3jmEoWhYHKemMulZcSxi4kgS3h/7BabHxCAfF/PceRMiKdX36sWHV1cAmRVtY6rIGFPVtW6QrFJ8O2uEJ7T2WMq6Tt6cFUw3jQZa0wAmL8vHqffIdQlpAeQQ8uOX5f+PKX5cO0FxPMbMRBGRaIRogpgXR9AxU4HPjaouvTm7MaCsD4cQ3XUw6PqynBjkHTYA3AofqESpd3TFIhbjAsGkKrYWpEMQSl2HHoOgYuaBo5My6gCSplKiYfgwfINYPpYYiPMpQdafUfSYac8L4ZMkWW4+3ZW3rzCfsANhZRS/KGJpuq6qKoBEyBb5G8Y8TRyr1QDCNIW8UpDo0EFgXi/wS0AyCUiO+ZKrVpGbkSOVmveJkwcJIlA5yb1hjKUpky6yJXEBBOm7kuo/cqyA2EngDC5YSVhBcouYY9dOAzKfU9X72QwgHpKCxL14tt3OggYm1lT4U4ABINYlEUls8FcSQDCIlCs50BM5IDqjCYQ4cNRDXJOAJChZr3IVBIw1sAAy017Liz2J34yeGCjvEYRakmVZdOm6ru/7yN4iQlEUA9hWPtpEoyCAvSZciMntq7miVUjLDpWGZw1L2xYYCCnHhF0XKOAgELgDIJeXro/iU4Oyqh7lJalJ9J/xMJwdnClTbva8XCgci8LBhUEgEYYSHEHaHzvi2sBz+pBwMgQxEQg90xnpD9ArwFCXsBix6Tcfpr61HvNynqApQmjInayM0Baks8oijDGAQT+cSE4NyXQYEor1PODwxXZfNG8nB6E/GSxx+YpDjWQsBUVF/TgFpRtlBGJgBdJfZSGsrg4HrA18wYL41vMeU7jI7r7B0XgNEGd9GDcb1ZSCPPKVhHI+NQu+sRYHGx7WBFKDIxoQNIYhMRiJcd7mk4NgsW9ypYTurK2BYik8bGr3hEF66pBvhoT9gcYuTJ8RDv1bg4om8ADhWZDKa9sgV3fTv7NvlnzW6m40NPXEAwYCQhqD8sVoqzCafF9CdzUFLREQYJm4tnvWTnZTak/xGV4JJgb56e+838bG5mIFZbx2t0tTuhOrrxykogpOQOAx/WRkmj4/Y1RhIlDzIpmddr6h38BxAE/skcf8FuetodOPyokzKt0VZylDQyCfUVkEEprV6uGBrNChH+bmu+fnh4fz83Pfbhu4KLu/v68ARFNDiKBPgimn1qJclAmn65amqE3Cwwg9Y0isGkEAZHCfC9Y+PX2/osmrNV6kdue/XPx+8f4Py+ISrvUMgaCDukl4oiYDeUxw5QZYJJoG61hM1u5w7iIZCjtv6cbSeIHc759+JhCJO/Jm93zx7+vXf/363oIM9/c/XDIG+Iw4/sQwCxUPxEQg9PrDE4ErJRtLPxpkv0eHTkOWSEbf8OPxP97NP6Tte93j9KaCijU0wc6UjqxddcGSMJRUUXvVHU+pIY0RkiwmYJGpNR6lB+q65GuhWRgWa0w7Bc38R9YcY0yF2CSkk6NF9GqqDhaMHOspRj25uxmuu//YO1oi5b6fb/pD3e4f52jvG04RbQ+fV57P83me5/04TigCkO7GMvM3T8923nwol9uSXPVFP/+MkKARW+9ep6d6koT2UVoMpf8/gDygiRQQrahpiUNTkUi5GAotScfYQocxnb1yOPxSaOXKlZVQTzc4Imaz+ed+h9xu19jltqbhzqKvv/746cenP//l9NmC04mMxw1FTHqVv6a/c5AFOD2IRuv08jQLcoOSe3JsCfcqZXq5hCVZR+5TSAoiCFNoZcUs7e5uNJvLZrQ3w/ZohdForIjKm5pudhYhLPeK7p099ZSesYICkHSPTUuVnB9/fdcg6YRB2TE2PXl1nQUhkvWLGMarlz8FyPRVApksKJicbATGUk+Is4QP2twbeexqkkcrBNBoRYV9VS5/+LDpb/X1RY9/fvWKFWBgQUnCheQoi98tSKv3srK4hIJxfpJtAG/coCdnPUW5olwExeJiCT2y63+n5qPAbC6QSBCWRkqhiFZl48YZRczn85UzcaPdbpfL5UlJm5suV2dnkVYrkQCFhPCFOJe97xLko1vwFqupc6VuHY8ngUxThijBkU6Wz+I01UDqastC5pmuXAk/0iMFx1OtTB6NGQzlhnJIAZKKiopoNCqorbXZHE03NzY6L1zQnppJqDGi9Fa/QxAa1qupYafu/H6CBF3g1ZSQ8mL1cjXrH6IpmUQ4zhaYT8x05g5e4EcaI5HITKdMrumbM4CEBVEwo6MgGWWYUYEgapc7ZDJZf/8GQlNUFHj8WFsQCXm97wzkow/wXi1j3qPh4v7H9xP1DK3sxV48/q3FKysEsoi+5exMmRmH7x8c7OJHzL0hfBnm6mNtbQmQCVZihUKBL88IRo327KQkRzgcdjQlDQ8P19d3amciIWX1OwKhGSQd/dL5bkzg793/+Ox7AEEbmwAhG/EKJUpKCkCenjAXdPYfGxy8EEHGR7T9YX+cZ9gNQl/R1wrGqMlOEibJV/32aHZ2tm1zWHbzQkEopCx+NyBY7KS3so3f6fOff/7evc8/p/HiKtpWgCBLrly/UoyApTT+goD0mjsfhgcHj0lCK72RgCy8qmF8LEUbe/zXGImEYQS1QpVK6I5r7FFBBWDk4dyujhBHKf3hT386cJA/Y0mTDtMKhtUNAjkNkBsEsg6QXqVy5cr1leLW5enuxrMzT8sip2SrqydPAoQTssrkfn9cYaAM+R2xIKj1KltUo6mg1DFqVgfDro66UI+zpaXFecAgCwC5TAbiiW+6T7/33v3792/ceA2CPgQcV5QEMtn9tMz89LHKYbf7Tw52ItFdFo0xyjPMlft8e0l8vgnKfAHXlhpw2bh+vxHJH4+PCqJcm9CUlVO19kzX0/PTHw4Q5IMPCAQdx5WL33Qj3W/cb7xPIzhdLWTHCn6CFGmdBkjEHDk1nM3F4+oXqQKnAk2aPkbA8ykUODbpLccEC8Lg3PiLpiS3hgVhFPh+jOHWBoNBlSmg5vM9noMDwT7tyMItHFeZQjMEUM6zIpAQjEYOZ2WlOL1kDJ3JCTy8Dtx2QdTItW2qNoMxioXPJ2AgsXgHB1GxIBq/TJ0lrOXa46PiiQShAo81Lxi0hRtkJp3npwMDOcJuDX+kFxbFm7pctl+nTosi8qMSAsi6tKDsRFln06qfEQhiAoG+traWBwg8tYLReDyO+iEuV7whYf8EiDEBoo+Oil+DiNvm5gw8/OSkqNSk6/npoED+/N+3n3yKB7h4MX2abISEL32eJhDkCEdJ8raWSBvLIkj0cDTOzM3h9D7Eom0Ox2KYioRwVLGC9OYhRvfVp1Gps4J6QTxx+YgQnQz+H2KxWDRqaZjXef5wUMl++4snH31bfIu8UoCMjREJO3esr3sRjCUlqntrSQEliCvsjwoUbRBOO9fWNicWCCri9K6iJ3klRAYwYohAYu5UHUBiDIEQCYHE5uYYBV1JzcnB8byf/vOAQN4/t8BWklZa7pAHT/06y7EuhZQc5ZI0XcqPhJ66HHSxFKh+dJQ+JEbcGOWuropsr4VKkc3lRuNxo1GDpl5jjOlT+VnB9hijELM1n3JJwOBqEpEg6j/ZL8k4KJD/unXkyOV0VLyxasziAFkne5E1cWkWjHA4S9JqKfoq7cNVewXa3HY9ye3GwR2OJln/w36VqkqlGpYlVFpKP5CLIA3XnZylM9kAEhOQqJ8k6QV0Aykkx9IyfjoYEC/ygwzfacwL61fRcSEa04hMwp8+WxDhhADi5Zi1N+V4sXyMxm9xO5KFqtSsrIDa2sHn9/DzOqzPrBJWVsnaWlZW1tqaaUNWaktODSDXuX2xuJHrhkQkrl2jMcYZ8YRCEeOGcyU9BwLihR1XjXXMGDmK6+gUzxPIMrWQtEfQSgrq6jxe6dJKZENeERf4fO0iS0PDfFUOKhrKQB3n+PXrxzmeGmfNc9KnNTU1GeMZrMZzUk3qmYDKpjHqEaRkqJTkcIRFIkoqxVy73tEvOZCIeKu9S0uL1SWwnuHYso7P6V8AUjKGgJy9V9TZJfHkeXDgUMdwtkCsKI/pVWvj4y3Q9va1a58t/HgdILc+m/0Cevnyi8OHD9++fQkauPa8xpOXpzYJbdFENc869FprJpesyZHNjff1uUu7nAeRI3iWpOvSFJDAUygAyHpjI21okCBn790Dx83+rh7iqON3NmULJhRtseChvIyW7bRrA5dmm5sPv78AkCPnvhiqrPwrq8qtraGpqanC5pFLNXWcSFYy7hFxqHUZGTpWHg+f36Hu3ACL22KpGnf+sH+QhV+VZCCs00J8srss0ngx1GuGlnowQYHjb03hwZy8OlygvDWZxS44o5jgCdWe7aNHj440fz+VmXnn8Dl0Bt89+T6B8YqlcmtoKHOqedujM6HzRafYZFrrSsufzUekZvPzB7aBGIp4OtZMVVXjNeDYL8iDXy8vLRWQ9byMTUKj+YQ51Ntrhr0DD3Hm6yJwyFcHNyKcOg6HXxU+6a8QT/hqVR3S/KmhoaEt9ux3bn+4sPDo+8wdHCwKAjM18KzKwRXEqE0JjH/ZTP+IVeHIV5fpQobyrNaMmn/bf2X/czEqRGIPOzm2uITzF2i12gsXJHiKyspOFd18GLb7/TI+2q26Q6Wrfn/F6AQvmKquGdmqfHOT7iAnXmbuDMjrK1aYZk3l9jEKgXF1Y8aZP8WSV7JX7zZdyBVvzXaN98Hz/YPAyZLSnowWyRdPhMxl6o3+/obBYw/Rmc4A5OGg30i9EgKSZ3L4NXZjXMELqtTOka3XHzz7RyZ7xL0gU0e3dalchlH4oqKNPOfRqcoEH30IL3Eh7y58din/+a3/2H/TSAMu9p6/0Noy5QQwTDKHRW4RiVDpZKbHPxc1YfpjokmBupW6LKFbE62wxxlB9jBAKvfco4R2fTdzZKBlTdjOzJUDpKrjjyMUtVd/Gxfy0YcfPvniTvO1T7/aNwiM3uLlkpTuX8h1ajxRpq1yiPx+N2o2l6sRJbvq64fl0YlyQdDE5/BVej2a9wr0uFyZumZ2aDfGFj7mvSR3njhzqmztc3NtvKhIJtkeubMT8873L1/eqawcevLh+/sFSf/1cjF6wUUWBNZIR6rDf/KkX8Ntj8X68L7biCQbnXktnk5T0MAjGxENYbQJIJl74kEgO1GQOiPbGTkON/yVckNcJNNuz97ZHcZMRKhy6wBAvJylkpL0kmlaoMEamalPFmn8IovFrW9vj7Xz4naYN5u14rk5gS1ZGMTkAe9NLDgjjjoCGfl033eS7FTimCMvnFahyMiAozxuFwYkAyNDu0jYDNs6fG6/IA+WOMUlaHSnqRCae8u0MovGbVOlklTBoL5PIx/e3KyleTXKzdYrDOi9FWfOTCiMDpNkOxGS/zNRKoeaXzjHqxxw7tj5KurYGG+5VIiw7WU5/Gi/OXLLq/Ti193YX7HCbm1mw+LXwCeY4edF+LoslS3eF+fW1tIQwRjj3CjeHl8beT2KuFslcV77fi/ILpjMwnxnR5XFbmSIwzcaFTV0WbePTg0BZS/Io/2BLOAXYqWwbhupG0EltJZqjGgkOq0zfBRDdVZqUD+KDhETnU+BOVbAiPE1O8EyXNuGFem+98ndUdYzmy9tS+qT/cZYzMeCGP0i2TNJWv7Rwr0ot/cL8u938fRKl6CUqwCJaMN+LnWiXResM+BQH3IlZVeIfRjCfRMYZjGmv/YPeXp/wyH+wMgUe+V/pw4SRw0fiY453seCwHAUleasWVvSZgvZnmDr1Qvx18rb353bZ0Tw6zPepRCtOWGMmstMFoC0u8P9F6wBk0pmykpNyh6lgYGGb7ghNLgmUHx6jSX1Wcu1WfbT/S3HVPPstRbdmowbiykUExTTCTF2DfJSOFkZLQP5s7NHR0aaCwsLp6Yyt+48+nB/IN99h72nEt7bSmhxOf2imW8S+fsMBoTk1EyqzWgMCoO1PB9xEAiOMjpKJCxLTO8urXqmS8M9AcreDmuo+ZJTp8spdbfHCPv1P6+wixwy0yH0vhnOlrSBgS/z82fRdr58BI59gXx79+6PS16g9BYvFveGyDOMGWL6ZJc6kIxZHF6PHiBv3NwdIPCrQZKlG0/LH6GgvE1zJAfCMdCSoVsrtXBjbzBYlLjGaJOlZh1Sq63a8fGurq7t7Rcvvjr36P39gXxw9/rxJee206uEUdp7BY+Wg2swMHpVfcDl7uPx9FzMb+K35jpAcNFIBNKudyenHtJlbNP1equhTNyqGo9ubb7BIooZ3nKQGDwZXLejVCarSjXVB9gZ2VPn/ezJvkCO3L1+neNJ+3LbE+oNmc208XCgogPE5BLq+/Q8QRyLmp0gO0NiMLS364lE1zIwi/sOFTY3j4wczX+x7czQHTJVWSx9ANnJgVsKFKPGLsIKW7ipcplMa2vWPI/zH/sC+QBzdt147rGWOk5vpEOrtZYFHHE4ZvqkTSQHTKi5Vz7bXhA24w1E4nYnm3SYgWueX3vxYmBgYPv585oeT49kvr8KFVVPu7iJXYKLFQNLFKJujmsJDx6bH89w/rBPkOM98xbLOFY1aozPJr4ar0xfTF8bhA8Ke32OMBQ7vdwECoEQCaC5IHnG5yN3WcE/yejQWce7+mUqVZC3Jx6sVWpgN3MM/Y/pM2rQ2VlkgQ7nfkC+PX6cM95gKV3L42tVDpFoeEZNb1VMj0sFB2rXkoDFYEHELAiFhEjaMW83HMtN6+pqGYcZ0dWVlvtlbm6XFq93UG9gQXajKHZstMgwjqK6OFIDLS3/MsgD/Fc3nLwci9udqq4XYlXjT65Xw7Qhg5DMw3hM4NsDQgwsB8lAQsaL/CexucqdxxOU0zU/Pw+Q/pxAwCTUM78FobPv+gYZ4XFucqr2XzKx//GX/3lQDE9a6tGpUMmDm8JsxNhuk3V2qF02jCNGgZ6B3clM7Fhz0BnecuBMLAgPVmM43NBwjNTQP19lMmFODmS5hAhIuYE9+G8lToiWC4yPF+vTONbyav5pkL9ArcXKFSy+rAFhPGbgwe4nkKhc9nim3oURPa6vRSZGBa/LODSh2H0m+qyxNfTpa23CYeyec6H+fnAEIJMqqVaPRQl74t+FGCWJfex2yMBoRKZ/DgSx+OzT5T9+8sknWM52/12irU/GctzHo7HPXqFZlQ/XBx5rOzF41NqShoW1vjMsicGQANm7rxUjRogn6oGWFVzSepPLNZxky+b+b2vnA9Tkne77tnsNVjqS8qc5uTI4ZSolVEymZlk5dKbi6gENm7OgIAd4bWTVA25th9R0QzwsLi4aC+WUNVtEkrM5Q3VBFjSFS6eOyrJd1sHZxKaerHY36HrTe1NKekNYO2mTcud+n9+bQBJxG+t9xj+AIb6f93me3+/587w/xEqdMgQStSUSwwKLLpduEQrhLXfaH6Qc9MUXP3pn5w2AXOj54BfjW84ApEOLxhG195H5abWurNV9o8fL9+5Yvay/b2/fst38th7R5lwEoQ8AMrz7MySRo0zWNDau2LH6SlYS+p1BHQ8SenUECN0R/kOwUrfu0CFdUum6M/GCfLHzPdTaN/38q578/Pye3zZvWavJvLl3GXVjWcvsObEYOLjB6OqVj47u3UsgIRK3m1XNL8WAQJ4b3g1Ztnr16isdkLPVWLir2bwDNBHWH9NJWDEA4d2OXB9CK/Kkdkd7nKb1xf/YufKNj25suZCfPzQ0pB4UNXsFGs9MXwdAqIGsg8WT6yG+WraDbjBs5DMGQrux260jkIgO+uIGx8J7xJa6ri765R4mD6c3CzsTgSz8wX+BgfArSFfuc8nJXdmlVZ/EA/LL995beXDnO19BF+CYVfUUiUQCNYFkaSc308UoqR9GzbBhhFgdiB+WoV1TPcxCRfSjAKIMG1fMkqpc1NLCa6J7iOGgcymBcV5SurvQ0IpDI3hg8N2P3t+yKX9odlalgkICPpGoSB3QJMwcK9HqaFEK2zItIvC9rmA1Vt/gefY1ap2xWGVBeFtfuN/htY3dZ4w+LC2xkCTsTXKxwfc2prz4TSDPrkQvbcumnp4AGFQMxCmSFU3r1c8cnjmWFdSx61psj9fDlCbdfKuZ7R58b3OBIcxxPhdFiLBE3/ZhCgqoAgQugBHeZh0ZJx/0HOJZ+fyG6hra7H23zz32DSDvvftfP/zulgtDChvH2fR6G6cYstVaZD69TZ13uHJbB0AWnJIXpZsWqfAtD2Fcigbhgy4Stl2zryya2DCEAv16BkSf4mrF1cnVbkh9/SH8E4QSra2k7K4ktHnefe/vg+DZzu9u+epCIMNoMpnkiXor4XgtMq9eAo20A0QZ4og14sXti7/4iBkArFW5uc/RPy1slIva4V35UuSiTWxsrKaj2j2JBuokobj5fja6PBUtpe0b3v/p3wP55UpMxG352dCQNcNvMo2NJcrlABH4LKJBKYGQRtz1S4NE7mMRqw3shC6ULj2XLU7k4kDjSQDGzDEUjPHvQhaVfKVvL+Kvjo5qiJtE7GKCfnDLxsr1Jz75+v4g7+yEf+z86sL3hoY44xhJmVxuUwS8tGapDCGNuIejLV0Zae6XImQRMGKhIj8IvzJaj8rQu/DrursaYycUvPRhx9xNJeQkxpGUdaW/cRRp4vf/474geHT2oxc3EYbNyplNiYljpjK51aZQF1lERU4JD4JMKrQMxapk4fJjFXYId3gzc2MS5gGRixqpigVSuYyHIqrk4c1ox+/+bG/5xPHy0b19/auXd4Rl2Q5glN+uOnf/EOX9F2+8QxwE4k+Ul42VlZUZOduQQCQT+dQGQyAEMswsRxkXCJlLPXZixDW6SeYEVA0lDGZW7LXEQXVuABEIGtBAnaSttr+vbXT0Zvnx48AZXdPW2NhGW2/5aFvpqasHznzy2H1A/vrBJtrF821DNr3fn2g2AcTM2bBmzWsGpYbZQN7h9ju9Wr4+QOYSMq37g7DtuD4ZO7Hu6NGurqPJECUuUUfbD4Qo2IK2dREkl8VcbFwzq6SkFyFcecotyPqU45AJMK3ZsbEFCQ2GOHYtDbKpx6nCLm6T2ozGssQykjkC8c4nFAlsBgOW3+MA0S16Nv1W3h+E/hEm4j6apE1CGoKUDG2UIHbPIErEgGF6CW8yYWEzGwRCeCezO5Yt61/R2LYGGlmzppEPMq+cTcrObkEZoz1tSRAJL1CH3GQ2l40l8iB6X3eCUK2CaWkKUTbRdoW34oXVNiLMjUIhDC2Kwy1A2AjZtw9d/xZ8hiENjJx06SbD3/kchGHwQSGBkLdgKMXlOomXoirApAM3QtvlZmWMjh1rULe7tgSI3d4qkdjtdk5OugiBSKRqYUK3T68wKAIaz0TlftT8QySEEQ0Su6VQbwFtErQcbt++y+T27du4q7ity88mAcXNZp94C4vNqQDC5hkR4E9iQ6xm4sau4iZfcwPlSuPdtCW61I+0trampprtCmgjJASiFxQlzHttCoUiINwwcXPbSe03goSuBMYhzlpGs3vHUfNcvyApKVWPrlmxYyP0BBoEwBQI0j7J7ysR0Zk4meYZc8nRoNwuqjyRmzGQekSOvaW309IO3AMyN9c6BzGZ4OVjpBN8IpHoBzUJstohgOjXfu6Z6AfI5ntBYlLBkEZ02qzPGveWr0858MQTmNv48svXX//6y6+/PoDyKLFAM8s7ztJEBrk/bYfMrBbTsVyaZ6RMHX/rJnUEUn0Uf4bqGF3ZvaUX16WduRcEUpbop/0DIGbz3FyqRKL2ieZl0wqOU9hqhZ7CO+iLKflIAlfKlv8Ir4je4XODAOlrLE9p/9mTVEb/xz/+7ncoLf7kDy+9vivt3Poq0KxYsXxjS3aFFhc3nMwilKgNlbTET6KJoRUgIEGAb+G1w5Q+YOBoW057VdoSIGVl2AcdpBPow2xnIM/MWwQMRCCsu8VAhkMg56NBeI4IEF0QLrLxTnk7q8FTB+1vb7311h/f+uNP/v2l119/ApWtu3fX3IZeoBb+PsPKxMPhNwyZGAmZF6Egk8N6hxcOg8QdBAnmG9vXRYPwbmEiGaOPCISTqIWWeRGBmG1qX93hthK0/4fZrVsECZMs+krYuLZi1ndfY+WbNInxt7+h8P7Hn/zfP77F+lO/+80fXnriANQCK9vR28K0givFvY+0TwZCZSXyH1ZyFLMggbqsShrVHNlIgzdLgjjGYFskZFoKp0Ym0wAk1WzV99SlF/S6KNldGgT3E78iTI3aZ09nb2vMefNX1NnApb/+o7/8N2qdU+sT3YSXfvXElwfSsJqtWH726NGjpBQWyseihLssQCIQZsEU96CrdXYbdHIgEoSuHoFiIsRkMsPKUmFZBoFo3iJUm7GUyW3O5vSZ/VlbdbgjUSCbF0EWMkH6RdZFFc5td25jDGbX11/vwuDTv/z85X/mmyO//vXv0IL6DTUV1qc8CpSzRELCr4t8CBPlNOE0YSG0xtBpy7bb7Z8+FqmRMRIHE5MJDsODWBIs3gwGolBrEjL79p8MKsOJ5z0g52M2A/ITbVLvNoz2wQDWtdPY1c6/sKmgf8a4z29+84+g+clLmDZrJ61cSQ6TUFY4fE84zasnKihFta63tPLEJxEgiUyMEIcDMeMiyABAoCG5JCD0TGDURBsyYyVAFhVAIDrxvSTITKmBtqMRM4srNu57/uK5XX95Ge7y1sv/jgX5JTR9fv0Pb738va+rSCtXMHaAoAaVffJoSntJYs0sKrqe1Fb05qz/NNpHTEaj1VpT43AYF0FkCSIeJFWi92o8mcemKkJmyiwpMpNSwlVjQdgqXOFic5k7rpzNfrr0btqZXz355B9IDe++++X3Xv4Har+9/LMze/asx+aCGjA1j3RKLMgAWawKxYKEDewQUvjSlAiVPGIm4aw1EGjFBA6OB9EQCFzGbG0QehKKT0+JsY4rDykjQBgKFebc+GLkphIqfwVdSUkUMh5Fnrovp7wdM5gnzlVdTFt/bhe1rDFu9uRXJz68hTgX04yY0tEGu9zYwhfKDnxqHCqLx/hNcnBk46Mbri2CyI1mBUBAYgWI2cyD9MwnaKYJhCJIfa0sveD61FY3Lm5zDAiffkSDXOJB2NNgJAiVqHm+go9aLl5982J71ZmvvvckNeCeWHe8vT1l/UT5KOamejuStO6j7vqQCTNhZgqvjFI3FuLkpJF9OWkRIBkZeqvVakP1hDMa5XIiAcgggegZCGe1NeSld+4vqQiK3XTVykiOSwRyb4djoeKTq0SiiLn4agS/1/fvWLHtqdPoLJy6jbm+MyRCFOhPXc25Xb7+1kRl4w6oBXqBWobdOpJQEYaWl3CIxGcv6FSMXH/zQARIUZNXoA6B6OVliyBFAh7EaOQyEHi1YbIsiM2LNqiwUYU8LybIiI6/wvWRau0Ieisd2ZiOGnm6ZTWCSiiovPLO86dPn27ZV9p4/NYedChzSjHo23uWRbzQJZxmMWVRhquOROiuJo2siwCZl4m8Ar0Nia7VD4XYmW0pahkIB2efkxuNeu+ArPPY1IhWRxtXxPVFpb2xJAvOcikXmjlPRUkX4lpcJCZZIMtXr+7fj/HkqZHssy0bSyvXf7gHUXLVbcC0tGQj3teyuBIiZloPCWv5wusQPJSf27UIIkONQegVBKw2qx4gWKgIhNeIxIx9Re4wWQVCWULb9ZGKIDgYCGNYKn2PcEr+S2KCQAlfR4ZOQ4uIyLE6dIGKzd+5XABMGsnel3N8z4kTGBtOW3cx5+q+jcsRIp9FQ5d8jCTM4abGddJZakrmVH0aAeIcLLLMyzS1eoXCDB+Rp8K7JRIexA7TkpscJmPGtCVh5vJUhVYMjvtKeN/KZckfD6MkQZWBAvNQG4jGubp01eBhRdeuILBwe3PaN+DhkMeuXdv1XYqRKXlZ3gvVZFeQaLtIoKWKkSmyRQxG0IhHZIaoGhTJ5i1Fg2obZzaDZM6cKlHVyuaLpqGRVAJxGDl9UUJnf4dL6/77ICCJsS+6dAIJNeTYXobwUzdJjW0qs0zC3I9qCWQdHzp9ee2x7587V1VFoVhp6TYajyc5ywQfbNx3+dSpqxfvVp2DPiJzdpXKOegrQuHdi8zWLE8ECEcgpCQudY5A5BKVN6+zAPPuIYe7x7IiNvolvIboQnXqYb4Wg0WD3RH6QAwLy24pvX0g4mHDT89cO3BmFzKx9va7lbdJ6JkGksp2LHgbTqThQYF7iw8q9WARot1pqUHBNMKxYhDAOHMq04hE4hTmedo6xEpcQwgkck1aophKmxrfrAr9I32FUiOWDvNBAsEgEcTcyUaEgLHZ64+v7dr1/TRIO0laSD6FI2EK7pPHri1ZRdF7RTJL0XSq3Wyndcs2bZFpvAGFBLY2xkCk20XplQjmdfURILmLCooFuZcwXIIHBrkLX46nNlfFyEhL6aMpnxLI0nLgx5Cv/wPy42v3e1wBICqV3WBHQAXrEkipCpHKcQARefUGCXwmkXxEYrDBS46BZLg++iqXBKFll74QqTa+bZBLHp9LWqGvsNW4peWpfRdTTsDTH0ZII6lz8HK/oAkkToOB41BTQT7S7JMaqEYEELNEolDVDmTePHZSi2gkfIOjltmwROohdnOkpC8cAFLi54ZRXdmx4jaqInDchwRJhVAEbFZMiywin1Qh5cyKEMgsl4gEGCBmiZ1raOr0tPW6XEFGgp1xIUlYcluPwIsuvyyATHZpsxGBrUHKsguFqocFwV4hTxwbw8U6vePN4z0BmwQkao2l+YjawCU64OtjiamwuJqGgsybfR0ntWJmXax5g8ptJEksSCwHhUyE8Rxfdg1qW1pOVVYdeOKlX331sBwUxpvAgYTdKFUPjo8fqbUpjByaCs3NsDNOjn9Aq4F2fGNGU8HMzf7sCjEjqeeNHSQM5BtNKwyyaI6Y+cHunHLuy+/95icPzUEg5jICKTMqDM4jzc1CvcJqVGAVs4w7FZxpAYQz1jQ0FWS27cekcfIwW0yZbd1PeJ4oEKYP/nMK2XTBipZT7R9+Z+VXf3np/wMIClmmMgZiQGd9fF6ktqGFqEfgIhIwEAfqwSYzS1kaijNn+ntPajGLSek1S3ruD3IpFgTCc0xupluh045cz1n/8avv7tz5zv98eBAKFBkIpzCo1L55US01dVH7ZQU6YqQSEYFkWGtgXAX9JSe3wrgIBNalo3U2omC6JBNRhUH4zZK+X+yaulyJk19W/giDSF/8/vcPCeL3GxmICT0Rw2wPbGtaz3FSp2/e0qPgQkVt0HL6DKsRxtW5d//Jk0Exy6xpZIdAIpuC9we5FOYgwX0QJ10/NvHh2y8cfGfTphsrV+784mFBTCEQfUAyqy4SoegAEL13fr4Hzs5Xg0ltnN9qhHHN4KkwOrohOVSJAEgERiwIH5TFRjFUKZnUaUuOVU7UvX/jxqpNPZs2bdl5471nHwpEbiT7MRmtAbVqVjWokWkCCBYZyJAktQwxy1yqHE0gox85fc00M64ROHwyr5ThCG/4JhAeg4Eo4er7CybyhNDGDTT/8i9sev+FlTsfAgSJOukDOYfehnDFWTQvalBIUqVe2fygypY6BxA0UKjtYCTJAMlePKhXcZ75Sf1wbJmT/ogFWSKmVGpdJf2ZHuH2/J4b76/qYSQ47vfbKwXLb2IigegzbAqJVCr1JVimbTaJdNBiWRuQAmSuVTLXakakwpPwDn8dJQICoSGMpQq29wehoBNP/pw/mdVfkJm33TZ0YdXjr/kuDEHyoZQ33vv2INjY4QgAMUj0qRLvvGyt2mZPFYgsPiS7drR9WlvtCjQeqKZqNJsymgY6UXgc0ebWbw6VOSNrmzFrV6xZsc61G2XIkv6bmXnCgGIo0HOk+a89QyTqTavef3Hls98WpIxATEYexD4okwkRBNudRaJxr95uRygGELvcTyAOgGCH75z50+UpOuOEBwlfaaRmIkEihVXeUVyb2t92OKG4AeUbqUHdnL5FFQioVLOzF7a89vi/fCuSR6i9Q2LEtAOnb7VDExqvFHG9TyMSqg2SVEkrZA5qczheQZkbW/x08cxM2/7rU9TbAEnUhS6Y2P1A3JAgJlULPOl1tTVWG/5b/Xj3+OAFlUqCQTGn77X3V773bUASscKCJRHTDlZpqt0uKHrmc58eIAghNU4D6/i2yv1ydFBeoc6DHAn8dLGss42sS1xPsiRImGTxyyEQsZsePhotTE/Q1PLlzQb8V/9UO2QwpMK0pc5Vj3/0LUgegV2RjBGIHEuU2qexFOkNBul0kUwkMNiJoxX6AAg1UVCMwCY/PdDZ2YazEKhilwyQpapCIZLovIvKOVpU6dsmDgOkATVn3J8M9drmbiQQilT/nN0u7RmHTp59YBCi4E3LajVijVJ7Nd0iNfIrp7BONqgACWsyllE8TyAms9ysWNBJl5uBhA0Ih5iEMq6Iij0DoeKpkkDQN+ttHMVZYB6PJmAw1sDxaqw9/9Q97pQio4CYbQHfX1944b0HBXE4FkE4XLO+VtNtcRrsSONlMq9UogAIaazMgeYca/siOeHwqs4ZFgnzQyo8CQ3EEdU9jQCaaOCH7NzVdLTDaGWbUOPRqBUO/ytYQWwXxrtFXrXdbML/gLTOueqjF1Y++xAgRgIRjCdYBHY7Js+esfjUUg7VLgbCB/vQ2RxNfKinizuhkyTtwmApDSfycUtoHV5oAbJhWYwAUNUWA1lrUHk/dXm70JMn4PwEYrKptyD9EbDoFR7L6Z0UfD37gCB8eDvHQMoAohYSSKuEJrZQpOOMJpIQLtIw1mTkbDVNA5kgcWmDOp6EjTYNR5BAwtsL6y/oMBLRsXrF3lF0EK6ffl7osQg4I2uLS+AXzRavEQqBmOQcwvAPXvjoIUDwgTQgTKgTUEVe7xNpfGrOyFZdE5pw0BdpR85BX5y1oWnAM9GHkyNdYuUkxrL4HIVFYCS50V3Z8ycrKlwYKqOJ8h2re58+vb3Yk9eAMi2WELkEF948X5RhdMB+QWZWqNRbHv/o4IOD4BI5cBiBJA34uusGpa0Kg9RbhLIKZ3zllUTWJiWxgweBMAkSxrzMgjvs1EXYDFXbIkEWvYSMK3k3HflJHHtp+BKn55yq9AwEAGIiEMR4zQkigd9IazxA7ApJz/hrB3c+CMhYBIgpBGLxSu3Y5gU+EbJE4yu0WM218jJHLRS/HyBWkBRnZtLa5UoW65iBHYqtaEOoUIoJdAz537w5imcUSjCGgtzwzkxmcQAcZA525A8itJEbAOKgu4aYW+U88tfXvnhwkFTOCIVAOL2vzoIxWQOnVyNxH5RCI4sgcwRi8vvlLH6kChHtJ65qMSOpJ6XEFrQBspvnKNjbt3p3FtoImOfqaJuZKW7gWPsVm8esqmgeNVsYBeuSgw1B0vhrN955QBBwMBB8KAdIs1ctUSBjpMDRaTUtgswRCBwmEXklFoCaBuEAv59U0PlMWLU2T7LIPhaEOPA0QFYWiMWuILojHW03AVLjxx7cOtcKEEwZW7xWzuogEjMcEjvjqhd3fmsQE0Dmm9FjkMB6UBQa92Yw9TMS7ChzxIGdkSwZ2UlDE0j6cHiIS1wtVtKjEaSWqNojeciV1Z991r9bzHcFxZi60nbszQQIekvmVgIxqBBIzAsBYmUgpkQ57fHvH/xp/CBEAg6A0HZkgml1w6CkbOjMJ8LyDo+cIxJKeclDoI9EwPiNHFY66MSTeec6/GS3OFcZxoidWxLvxsmLLnR7aNoAQbO7omN0olPYQA0yErvEluG1JGgCNlpyGAhUMqtedXDn7x8IhCMhEBMDmQ+B6AdR6BpE2AhVI203URsImSIMi+zKYUQlj1VSK+/0TrmScKE6rFoxFW72xO4kEtuTGCqlXZK2nMmKjpsTA8Iafm4PNwiBHoYtRE7WlJWTBchTYW89Ww7ufEAQCUDKCARjmQnzPTwIao/NKAETiZy0QCTI3fE7A7UXo0MvtxsUGdAJxjfhJ2LqEA5PHooCCafoWsZBQhPB2uU3J4prrXgz+B/uELWORQmiWhRsJVyqHF8zm1E4D2x68eAXD2RaAGFlOjQ+9UKAqFR0a2wq5zgqp1IsIQyEao4mhPQKLiPDrICPpEoMs1xD8cRh1O2eHgnSVFXE3EIYBVeOrX3r1sUn+g4FV2dOCLfDJfx4RxOBmPUaLMBqlQLdAdwvKgnaVEMXthwkN4nf2TmJOQSiVxd1W3pUBgSGcs6gOiIaH9TjvqcyEAcWXtK9Efqjor0BAYACa9e6zJvkJ0ExenMxThJujvN1X3xEn9RX908AJACPoI6G3wEQK0B8ThXeErWOMprzsdqG8r/asvLZeEFoJW+dIw7KZfXOou5mJ65P7yeQQezuAtgWl0ggRr9fzykkehv8J0MPcToFDYGG7cWZhZlt+7B2uXXhdmkUBwscc8PNUTRzq3dMTKy9gJ44pyAQAHFWIXpmApXETv0abFVGhPc2GNdH8RWJHoE6+P0hMZFiqsQMAYHMwlSNuPHwEhH2efoM9XgUhW2AMEgUCoS/XmERulwD+DXQmZD+9q2c009XaKvrJ8N9IGXY3aNSR/YcsXt3X8qGtQHbEAaLFRxNTloVCnT/RIOqWQkDwfqOMR/o5MIHK+PyEhqXXQRxmGoAMj/unFVJFPRufvigDB33VDtWA2gAAbzNppIG1AKvUGOxzDORyWTz6a9+vOHqU9lJ1cnoObPrVrIqpJJHWCBBXuJGv62jsXBibSAQsNlIr1a8qUEhKLJYfKrZ1lRa7LEqQjKshvwjN7545wFAsD04gGJkdfjxfLtKwrGvGDM0MhRRDQqpHiuZSmVApVsAe7Pg6i3PaMaLSLxHipofx2EQOSh3YXwsZEo8CY+wmAKf14mDbgIp3NKz1iekbxf6agNDhiHnETwtKDG02uEhYwRCuaNChdzki3hB5gjEDE/2ozPiG28+ooKhciy3Nfqb0JGbJhAYlQooai8w5hMSui3jvsEeJ7xE4HT2+IS/PfzhhlMtI8HkZHJo/mkkSnEXE0ieRIdoprq38dbhM1vGRRZ2Q5rHfc6AuscHEDg7YhY0ZAACv7FaVfn5N3bGDYLQDTs7la0UVM8KgZgoWvBPN1lkRU64twq/pALMFjSL0Db1eXucahiHWk2q0qu3r103MdFe2pJdXc03fkPNk2gQyPmtQXfW6psfv1r3Z7iYyALpxpm740eOFOHptADST7ogI/m/AkU7VX7PwffiB5Fj7TYSh2QQUUkPgRhNRIKFappNnBoMtEEKaHDFovFN40GGWQPsDM9roCBlQITZsF244fDNbSXZQfSBoh895jkWvCQY7OibePXV7nEyTMh499s4dhfnBs/PF6lVKpCgGpUBbQQC+ZBNK994I55mKGROnmqGL2NpNRhQ8z3iBIieQMYAYlQLZTLRtGLWYCN3FGmE3kEBwnyIArcPaxgE+qxBz6Gw8Oa20yNuMe/kw4QR+itSJUGEjBPp6eNkmJCMnnEc3vzXVb/oTk8oCgDEjndG3jZdu3btllU3brz4wx/+ZxwgZhJkfXZalKQ0cibzOtGNlst5jZjMVgSmMqEexQ0MO6GeClPC+otlLFUq5ewKg0GikiIfxkhk00DC4crT7BigEAI9DUsfR6kEDYW2CY+m1ka7H6m1Z9VHj6/a1Jye3i20GaBfidRqRdZWnJdX94MfvPDDf/v4X+MAYVGTUW/k6IIgR+Zlg3rOnhoGMWLrqEU85532kj6aMI5GGkiFyPEbIRHEBpBXjI4GkHhyLmdXuJVsegYkUSBEghx468n9M5kDtQFSJt1+Ccrwj6/q2TT+uYYpXl0LCE1epsdT9/jBGwff+Ph/xQPS1JSBZS7DzxlmUXpVoz9imZZy0AhvWg54nQLjGzINrbgaHgMAejmEYPAHWVYi8kj/KzVNeYWFbViExQTCmoyT9REgzFsAcswjEzbYcOf0+lSUl1T5H/xg1YX8wHaCs20XagZkMg+k8Nb7m37+zsH//Nd4nH1gAChY6bDPEUjPOAqlFNPLKYMnEKzlQ7UiWUKCTETVISZzCIfCkirV02N/DiobGDNqn0kv7OtNCo1t06BGJAgJQKaOeepqAyoa5pGjniGZzUePZG1gaAjRTq1Qk9eJYx/b7rTNTEz8+aufP/vGG3GtWjJ8V1ONUWFVq0GSf2RcVNTAmTnW7GXhlz9jSKFH1gPr0rPtnSahmBAG/tL7rYg42WKdyCnW4izsvg4XTxLKq2JBrv8JT9lY9SqKRuzwNoPK99rjr114UkHNVo8nc6YNpz6evt5fuWHX6+/E+dOgHmkrmOmcaWqosarzEec4weHNoC4IgTCVWCmAwACBxivgFAqAcGZ5WYRQHYL8iapriRj+GPcUZu7ocOnC3s0eRo8CydpfkDDQwCH1mEtlY60KZFB1dcLt24Uo+kEXxzCzOTU11Xsn5dzOH/3vX8YX/Zbsb8vM7CxuaAio6Fl8JFLTNVRYIBA5SIwovutt2EL0ECQhfkaYGCri00dmpEcgwVwBtSJtKPAVVvZn6ZT8oQkIVahYGgFyfvfeTpkmQ6GgdV+OO+HnbIHaDekb1uXhStouY352auqky+WaOrX+O+/+9P/EmVi5Si4fK5iZKWhyqrCLHpkXTWfUoPKOIIH9L9hJAILQ3Ubq4OTMriL0gcvH1eM32SHg/DZuu6bOM7qsWjdJA1oA0Z2nhykX+ijKrcvw42yEVgWlgtScQRxktV145u3DEzMFbX042fX0yEgFHv0OjuxP2bMLMxFxgpycOn25b0Y24MOm6gRIA1ZSBwOZk8/h8ihaYLslpQ4Z/kgMEkobaYEL6cePrE8wnu5phHFRdWgzQHTusCghupP7CzppztCmZxwmKNXKBcbhWwX7S0pOTp1MoglaHbLj5eVV134VN4hrZCR7/52CvOYjPT3k6hmLIHMEAifg4BZ6mBTL3AFiigTBhZCHUA2BSBAj2AbrCjMbO7RuNratpGdJIEFtUOwOusVYszpl6LNyxAGBbxmx1vjqCqmSvBUM9OMIgsphpbZ3zd0DcYPgu7Su66cbNG93j7/WLDoySCAgkbMgjO84GEk1ZpNp8dpNESxEERJib8WMmjDvFs5ApKkCpY4KKFkdHWdhL3gA0SV2lfRhzUIOQmluGfka8nOFbVCTV7ltKnjpEmlORw9VibVnG+9e/HG8IMO4TRWwrrxX3+7uRlNSXcNATCYGwpOwmo0pxBABMcZ+RwhxtNrNyOI9haP9Z7WhHylUgsdEMb/fi3NROpKSetsSLM4hG0CYdk1jIFFIa4V5M3hsKHSSFYYfAZK97XbVrnhB6usJ5PqduldfTe+eP+K01rzCQPgiKYGQLHH/Tbw4HNEkEIyDbC+euFXOfizE7lxx1rZGzPOvWI4WT/mdlpL9BR4RBdNGREFlDoDAXO1SwdrPM/u36i6xcYpheNNwbtDVm1OV9gAg7oopvDlCNkwC2jhHfCCmRRDoLZIDhXDOun3drRQ4vNaVdd61rG/N6PH1a3Dk+vGUxuu9fTc7hQHEt2EQVLYAEuj5s2dvVu7wIQZSr6QHHl3ZV6s+jRfkEPqywaljmZ48jQ/hucIcAplbGiQKgoS8nCyMAfEgiXJUW9duKMzsKxmB97r6RldcrazCw6141iJn37bRymLEJ7AsI20+tJHSrqi6MA6Q4c08yCUGsvXpfVUnfhu3RuqHg9l9nk5hrVOqwn1aACEfiQuEuQt9C4TUI5cjt4PDezK3odhVUdJY3ljaWE4H3Vc+mnP5DiY3etQBRN1wcjmteKyKbsgfTyhYtpsH4cfqc4Mj12+nnYkfpF471eZBWG2D4fIusnB77w9Cf0f6vYOB8OqRIxSw/mytx9O2//RIRUdj+d1GTLbTWfBr7pxqK9wgrBU4GzIcDIS9B74THRLPTD8DCQ/eXzpfcb103a5d8YGQPW693uYpDthQAkINk3GYIkFiKRZA5BEkDuOil6DkhjpkA+r0bZezS5aNpqSUjwKkvKp8TeOb69LrKMdsQCHcLAcIBZwEIvHJZv60271QOt5MmQtOmt3wSXwgVPR3wdcBopfqUYAIufo3gTBZ3BuJKtTEQ1iMcgyajLUakPQv23H8w+/saW/EY1R71pdXrpt4O13j81K/0CSHMK2UUWfB29m5dxnfuCcQIhEnZZ86/mm8IDpxR38Bgh8bKj4OEgyW3h/EGNoOo0HolTTqzIOwKihnDdTCTQr6+irpbP9H796tSmm/2z5R+INfFHmn1XoTAykjEDl8xC6pHZjZu6yCxiVJHzyIC88fnbgWt0b622Y6m1DwQaZnIpIFG6Esg5doR49w+MV1F8rkHd7MapTIngPFHnQc3jz1ZjuUgef28Hjb8cN1H6ztacjw03uGG96kTzuHoaPRbSPaagbC/2buXrUrXpAsKKSgllydi+EIgZBErVVRfh4mYWUwpkMigZsorDCuwspTTz2Vk7JnT/tVnNS47taHj2/Kx9pb4+D1x+dnYZCb/dEgymBFyYr4Fi44u87VPzMgFLBKNTUHw4YVvu1GCA/EGKIQ6EWMnKc2ksBgQk06K1rxE+sA8iYOf7h99WpOZcqH6R/gAC+FsYaOAqAFHmJnfxgxwVq+Y6SiWgyGMIiOTme8mxYfSLCkr7MYFTeVVC8HCHks/Q+xICQx/s3jkrpCn2EXojorQPD9+E5rQ/HnZ958/qmc4+tTcvaVjqbc+rBuC86TsdXUkB3Sf5OKKJNIzBgqnjm+A6P3uQsgIDmPY3YfvXsgDhAd5m/3YlAHNSYCIYXzIOyKCYOXBY1ECwX6MSAOODFAsGljpqxW+Pm655+/mLL++NWnSh89vv7EB5twSN90A/kIgWCCFVVrKiuZoJHjK0Igi+e86So2PloVD0hX0IUUugiH6xAIf6VzkbdazjjKSCsMZGmJAMFrGEgiU8naz/PefKIdD0pefeoqTpg9sRPTyj7vNO3oDISUwYNk8BpxKxdBqJ9S0bKmKi0eEF1W/00PKnwYlpWHr5Q4FmyGcUC+AYSuiFkgvSa0UlAOK/w8b0PK+pTyqzj3h34U0Ys3VlF9g8oCcyShVxJIQSaZFgNhlkUgyq6zy3PS0r4ZpFq8+7ObMq9KQcUsinvC10EmM8YuHBzfDEI+wQv7jGyOOGjlKqTDjB7Nubpuz8f//Tv/9cILryF7MyPRl4c5eBB/UwEeT9HGgGzWJbVcvfjNGvl/RT5qoWtQb0sAAAAASUVORK5CYII=', 800),
(4, 'cletus', 'cletus@fakeserver.net', '123456', 'data:image/png;base64,iVBORw0KGgoAAAANSUhEUgAAAJUAAADICAMAAADWbFNUAAADAFBMVEUAAACkFhoJFBewrKwXMUXmvANnEhOTdBfRtixlQQ8bAQGSaEkzGwRKRkegclUrV2hEMgTv7uvQtj/Fej7HejV9URaWjowBEyY+AwJ9GQy7m0HsvApREgtJORt1amr1wx42WWjryDsLAgG9hlzeGRs6GhV+Uzm+nyGEFg5pOinX09MrAgEiFALCe0vkwB7swwuBXkgDBguiiC8VJSwlY3VUOwmGGBozZnv2wzE0MzPrwlaueEv1tgOIaxJWDAzQvGcgQFQ1IwTDjGb//v9KKxZ1JCTqwTGzihqFFhElY3s0Kir3BAIhGBdwVQsbFSHMh1TlwgJLOjBhW1rSpxaceSkcDATGekP8z0B6eHbsxRNoGxkqYnvdukARCwOwhVjQqkBEMgzKfU3uvBNQGxaEbzTxzBxEIhZ0WyR8HhvJyMXttgQzYnU8KwSBXSW6pF4sFQZMCQecgj06aH2MFRNaQQWfmZozBAKzlDHuxEXtvAJ0HhsJHSusJy9NNA2OciH29/RUPh+KFAwBCxstQ1D13H37ziBtVRNrBwU+Fwh8XgxkSC/iyDDyuwqhdkj2zivdw0uPdlr0xBTOqCwTAQESKTvKe0NZQC+riSDywgOSdTGveVR5IhQjAQCMXTw6JBcrZIMDDAPhtzFcGBSCGhNACwdWLx9XUlBXNxImDQNoJhhBLAuHgYDCgkhkSxBDPTy/oTDEhFfi39srDAdLNhPLeT0rGhUhFQyDbh9PIAjrux0VFRGCGQzBHyDhxltqY2IePEh/XhdFJyRELRYzaIPzxQxJOSMkZYK/qj7Nj2UsGwX2zjM9JAUQDA2FHyQ8YnQtanxuSTLyzSS1lCEtSlx8GRNwVhr01FfgDwnszi5ANzCdaUiuiTApIybMi1uvjj+edRfwzkeppaJCLQVLNATswQP7/PWyhWX1zBQLIzD83kZyY2K5trdbRA32Bg3xuwPix0BEanpNKylcTzoqYnXzzDvsxB83KxI1CgdJJR5QQy1EMhLMgknEi1qAZBczGQ3////vufXdAAABAHRSTlP///////////////////////////////////////////////////////////////////////////////////////////////////////////////////////////////////////////////////////////////////////////////////////////////////////////////////////////////////////////////////////////////////////////////////////////////////////////////////////////////////////////////////8AU/cHJQAAAAlwSFlzAAALEwAACxMBAJqcGAAAHxlJREFUeNrtnA1YU3eW8FMGFKOVltQKXDvhww9sDBHExK3WulCQ+OpCLYaGoJQgNjVjZcI0enFAwKGlNcZCiAWMMBpUaMMLblGk1NF5SS0LiqQGBz+wVKPYp/TiDvB2p6HDnv+9CQQEtSTgPvv0+Ehyk2vuL+f7nEtLG/ifKLRfqX6l+pXqV6pfqX6l+pXqfznVvP/6z//c8uP/HCoWiyX3SF6ZnAx/PTzgCF57+olSsVjAEyuRGLlaixyMXemx5a9P31j7pKjoLA8gMhq13Agb8TSmHpHT1z4hXbHkc1IlKRSJf4S/vwXK39/f0xhWnlj6BKjo8uTYVElEhNZTa6WxPmZmwlOjJHUOa5Kp6D/OKT+Ywk3JBCrPkVT+KSmkBiWp8smk+vfS0vKDVhVpI+oitEajcZAqwvJOZsrFcWCNl4pVmhh2sA4cCf4iAP86EG2d/xCVFvkWqAy05TE5VPTSnIOe/mC6CC1wQPgBQR0CHNSVto70+AhPAOVKPCaDSr4SQOrQRRFOBGgJRV+dLRV6HZ1Q51kXkcKdwppwKhZkJy1iqKsjbTSYCvxtqaiXyIe6iLDECaZiJa+8yCUNQ6popPgPf06qq87fGFY6oVTyKWHGlJRMT1JVj6CyCJym1R6RTxyVfGUsF4V/pj+pqsel0vpnSubQJ4qqdA4YD6XMukwS6rGoUGjCq6nJE0PFWhkmsbg15VWPQ4VORfUxwhgrnwAqemniRZQrPUmwurrHpEJxCj/A6JKVjqdCnQGlptFcZ1QqUktUbiXTg6TU0VQeqZDLSai6iIdi+dtkqzqLoSmdpUQkshxKpZoDoaclkzV1jcegsqTYwTzrr40IW6lxIJUmsRyVu4iUX0qVYqVC/xraZu4Rx1GhxOk//Is/BhX4E+qw/LX+1h4VynRsqaOoPCQXLRXtl1BB4EETg1ouI9JxBOn4/twjHo6hSo5FCWFYBX4sKvJMo2QK1eaQx1quUfJ4WI+iSp5i22DW1f0SKq1WEusxxehpMT1AwRx0JNl+qmRypNJmZmZGpBgPSrgRj1LW0LuZ/sYUY6JGfpCLki/885XJU8IkF8PCNDQ7qZJjtSkp/p4RUPlSUjw9tCg1Rvg/VLSDVHWSTC79bk451ahGSOZs+LFULmdpaDSaXVQescYUmKD860ifNXocHK3GjKorYx2iStHSz0SzUj1TMuu0WmP5jw7J7fIp3BRPskGAbGPkxsol0JRoH0FFRQTgIyrjDB+fnDkHuZmgwpSLj51EH0ZFjw1LgU/jcrlgRWN5ag499lE5FKhStFoq20KbkLKy2GCoZJVrIUdkpnBjHVFxEsPAY1HQSSQHy+doPBbOO1KnfRRVZqbW+L6WqgFGbnKr0kV5zuMgzDqe/hFhOfZTeYSBOYzQCgOSnHX0esyVAysfR1epcnoqFM061IN6bOvEhDtPJ0uMWvggY7ncXir6FC58b64kNbmUnhYd17uMENZ4aOvIghiRadMYUFPW4AvaI9sPeMAM5M/1z9TKC3MxrDZOnnwxE0yaYky2l0oeZoQkWFp647e0whimGMdX5FZqysGgmRGSukyu0V+L+neIBRh4QDXWKMg8yAo6wyqPyDTCMK9lFZpMOJYUl5NcDtGckvK4c+GYVKVhkinJP24fOLamtdGE47gLofDJOQIZEVGlGFHwI6t4+nO1ByGBay2TVt2UnA7lNLkkE4IwgssKymWKxULXdzJYsReNdXXclfZR0UuPJJNesHidAUHhuMnFEC2/iGyljfW4CJm7ru7IQTji1pWzWOUHqRJjlLD2GaI65IkSSHOeEnlhTPRqfSNLdaaQ5RFbbjSm2ledaXRqUloUFBNlwgmCEEfh+GFWGFBlanNUsZn+krr36eXo0LP8r4s9JCheoUWYUtbtgvflaeZooVCBt7+kKjUE7Fjd19a9jcUqnRJWSnNEdd58JiAqF9PjhAI0ln2OlWpETnyVpfWXcJNViZ6ossSWnimNRbZNMUqSW7MJAmd6sRLLUyFfVcQsCBBjzE6cw4kpvPHXRDnNEVQvbO54fUFlXkCjocBkIgp85IlcsAzrFU25UZIqn846qIX4D/PovskKQ+5sDJN/lbtVQdQ25rFYEm3KylvKAgIHzwrow4TuLzhqmth4lXbhxpq1vmWbffo4HJekSlWsRDtlxploucSYeOtPp+cYIeDDPN55ZR5wpvhLEpuuMMWKAgwTvjQNrBhW1gtaVpgC6E1MYm+ag6j+79rnT4SC7P7+Ki29MQDDs39Pj5UcaTL0nl55kH7TEK8yQlMhKVWtPXaMnsqNSM2ZUdkoxnACx4mOmzmseap4fRSzlhnemt6H9y51DNWnJBIlJ24s6jaZTL03NfMSTys74zWstDZsWTorLCXloPwvcMIbvonQO73hO8M9CccVOC7u662cRj+nF06lRbe1GYTCmGkOofpNqI3cCV1f1sbBaxvdczS3lbjyuiaPo9ja2CJP5RqPFKMzvtdo5p0MDf2UFgQJDrDwAmFv/GHcVDktz4RzXM+9VOEIqm9toUKfvRP625wOF8wk7Jg2zYDjfeF9kDCS3qGxwrhh9BOhuwH8U9p6oH/Rt8ZQgJIJgXOEtZhLuLITJ5LO0W52OYDqL7uHUe2GPzdqOnEMN7XVCkEXYhMhFufRvn+efiSM9QY6407o7t13gD70QnoSmeMI8HSMeVjoguPCgMor79lPdePt0AfkhG83poAkj4F5gA4P36l6NzT07ZOaeRfu2Nr6hG8lB8cUCgWoq/Mb32+SojqFGEe5zn6qY88+AHUn9OmabAK3isnUtu4qejX03ZNguqHT7oR+C5EBCkKxaFpwPK8vYFo6E3cE1V9Cdz9Adef77TZUOMedBkEKVgsNffH74fhr0jvJU+BsoVJoCtekMfFG+6nWv/GgAUPv7FZZSjUSbNm6Y+BMd5A7hY7wwbcXLcMw5Fhgcf1WXHw4gCP+zv4YXP8u+fnff7rb1t1f9A0YpCKw8A2j+J5FWRviMcVW0JRihYsLB1dgemXlNtULX35pJxVpkhdpNg5zJ/Rt2nXmkAEVrhtsdPT2G8Mc8en0XJTgSXu7gPWCcuSt0V5BU1vL7KE6RurqBI32BunPpDxPu9k7BIXnrr5hk85otH+xpXqjKxuClCw9BMF0bZoR3dHW2WlYtnPHv9rvV8++TcYUKetV7n0YNkTF/OaqDcbntGO2VN/eyob4o6hyF6g2703CTOTzjiD7YnC4PHvj9k4heZkhqqdtPfztYe7+m1tktCLPYlb6ejUqLCFZIDzT6rh89S1tWy/HhNtK7jdrQseU54GKtCBW+5ImqG0r5WE46Fr5ddP4qT4floHWq7x6Ofhwya2kj011rCZ7BTpJjzcerWjjKAgKieOCc+KW2lEHjw0F2IkLt/ZzMIIYBkXge+knxqRa66WgLKg4PAu8EeOQB/pOjMBj3rOnZ3jX4iKh79KilUJ8JBSBt916fox0defFDeHWuFDocbLfIjChT1DO6wUE89xn9vRXllZmva97I6YYYT7Up/RV+o5OtTv0WEU2NlyxCkLfkVZ2sxYnxJV2UQ288SJc4sat/X24QkHgD0pv06ejagqaBnfOiC+B6QO2T4thcgDQ/U37+vY1n376b10dHKp4PChCsjw/oKk70Ii1uYxQLN6Y09ohxhFs9+/snQc/3HYlCh9d4FKNm1UkxXDzha5v6jDhw9IIoVCemwcvoixsspvq+LYHXWqIqgDraN3w7DAi1Is+vWivaTg9zK159P1iIEXzj71UTV91mLAxseAN8ZXNvt8O7xZOrLnVwSEUw6gURGNTdJLV8e2lun7FBcfElvZtZAwSMPgVvP7VO6qrNsXmxHraOR8OtoKwdSliq37Bxl7MSuVuH9XUnZhpLPORrTuuX61660+bN6z97W9OPPvsibefX6PqOqOMwoeSG0Vl6r2d3mciqO/GcbUrBpceZuIPo0L1JMk9jbXpzFfrFi06dWpR2e30vdkcEz4i48IEFqfZGWAqQC9Db7ogwx6q6Bgcwx9KBe9zDKtzcn5/5rten3Cf3sZltViuWIwCbdjZyprjjWKgIr+JsMYeqj+4w1Vd8IeICVVcLKltdQ79aHT8MqUhm7lsWV4tExvm6vCjt+l6LkZ9E0gn5+ypgx9k4wT+SCEUmLivNy/9VlmZZvuMMpa8dHXuyASKH6bHFVj169LRZQfVZ0F6XPEYVEhnUVEBbd2ueZWVlfHue/uwB95/fWq49QtyOPGf2UPlxcEfWwCEAGdW6As4lnbd5i0TXqsc8oSkj9+0g+r4MEs8XEidwgQ/6Es2zi4m22rrC3qX7A/s2slEx5ioBG5pbQs6s5W1nNE1RcY8pSGmgsDE4jH0DMHhvtQuqhlpcTFJetSEiHNzs5V7KwuPytcpxy7VpD9Dv5mX1yd+0MCDSWKqnVu17aq0wkrXgIC9rl6F0+Rl29NqdriaRskOCEaMK5B+IORMO+jxQps0ilxuiEoYV2Ef1fb0V9LTcuRlIAB0Pa7NkCQWP2gTyrnFMOCjRRWxAm8LosdnDw7OUEetHSN6aPyYbh9VYYzQoGzz8TkcEGBoZOoJ0qEJm+pGPhcLcy3Pwku9Ok0wLUQZrmu82jiWSNQX4ICFUfVckR3+WCvbsakKX2FChoSILhhK0jZeJBRaguqb1YYCOIfAclez4g0kjPK67w7LoJa7Ok/JIYMF24qb2sJr7Nh+3E5bOjW+rfZ1MUxMJltXirIecBa8Tm6oCH0QfT/ZOYkxQzQrHj0lXJQL6Ok+HGrA1mzrFkYhLgXWGJ4+np3MT7efeeb20q51U4Pclabe1jS0rcL0eowYaqqQSdDVtt3uJbWl8Gmd0d2J6xVwXWU0fYeeSpVx8gWUixvim8oKw5XZ2Z3KuK8fd4NlS/XJe1NXu+4Nh49IMgiFHdtY3ejrNt6u5CDzMfUkVt+s1egwaifLy0CuZLHuVpa7mEpG2atX6yHDwdkcQ4BVq407TmvSfn75g4ql/zGOrVqra4eBWk+ZMLHSfVppXBJo3nBT42MiiCjhN6+jdTWeve24Eh5cDNfpcbmk/mp9zs2yrrX0HGu9sbE7c+crGY8NNIKqK9wQZRlnMDFzlmaaTwAcmnrl+4T4CiJqLyvPhAzoEk9/iYOum3QuZxnaBcFMkc0UD2UCS5tgU56x2jM/DYyTqiZGgbuQH01g2LLV8eA2UDkCpp3uMMFswPmKtZPaE8Ucn9WJ+peo8G/CCXLLjeFohU3u19E+myAe2Ei4PjNOqoqaZQqbHjOXA4RA9XoaiiUFrkzbpqS0oc+bim4XKnBTLkQBhqF5A6MSvILYilG3lmy7BqhF46YCXcEnWaONKiQEujEi5EA2yl3A2kttZaDv1pPvKQbPJAi9OLczKTtbma00JCV1QoofPg8WLBg3VVc4eZvD1i8IMgkoiAITVnuYaSKpMCu4guwAMCYz25B0OG9H4Vsvr5v2hxlNMyoK3bvbbJMcfF7lC+OlGkgPX0Z2bIRNPUE6QYMfNYtT/ZKYwjbldnY27jx8ffPLFUtvNf3upy/RjLCRBuI741x8by4xZEF9Zca4qQZa46/UWqBMpkE2lJIsCRTSs5hQrCgoMOkNe1131HzQ9eZnL3xpqweaVYpvdgwNFQWP3g09JLf/Lt2rV0+aETTjMnyusz7NZTb6uFeeW9f1zE8/PVixaENyK15pVTAR/5MdVFAAf/66uy2XIFY8MN24YBin06AM8Krpqkj7bIyr2ED9OVCVHlNLOWFB/Cd2UYG+KqZWNnYW6BUWD6OkwNSp7HUNSl+3NOOFfxTbnu87OhQtKyuQ1tpLaZhwvWUn1cBA09KKl4Pcs6GeduoL9Pqk7MZlcXnX37pVtnQUFf1761tNo0HRAgMDabSKGIy8FdCRZjcVArv1zLR1L9cU7vt9YU3rB+uWpn3ywt9fWzPamUE7r3xc8dmXf//7jQu0USRoL1BtVbT9wRFUlPz/f1z9B8hDcg3trf25YqVPZXpNzQaab+BIpkDfjXHkBtmwznFUj/4VV1XrmVwMM3H0+u8yfFUjqQIDfX0LsxFV0ssOpHq0bKi5aXBBe0VhOi3LlsgXaQp+bm9DJTHp488mkwqqel4jObXH2RoQPf0z/FXRae6oauXueHNyqQaW5jWitkzZZaMolUrDUql8Pd7/o0eQHu1o96dNMtVAhZceRjL9AppVWb4rn/riiz+We3h+MXfu++nIsYiOrsmmGvi5sQCwYootTHTu3B9++OGL9zPhYe770WiLSSg/mHSqtDi0vBZ6UVSqp+b+H5C/oYcf5ibvQFQrmDVvTjrVYSiResMVSllT5v6AqEBd8OML+WHUQq8ocE2bbKp1Scviggq3bX4NQbH+SKqKkrnvT1OSmwCiu2uSqZZGJ+XJc6bNWjertatpI33KU1/8Denpb3+b+4VnaRzV0uOGnyeXasP1Xk6Aa0xjNjPJ0NgR53XudHLyFO4fn3qKO8WjPE5oXd0E3ZpUqppuaA85GDVBYJg+O+awV3pF0+nTt2d57RQXWHeUcUsnk+qZHUmWPhX6Z6r1zM2FcUepTFKKmUPN+2Ns2R1IdXs/NnIqpdao5KxkncZxQhj9yWRS7TWRY8ewrSTAKEbcbOHEdU2mBVcLiRFLN0tXjZ6tWDH4quGDyfT2qTE4uZ8ghlOZRqxBFJ1f35pEqqa8jjbo73M7DQEBD7t7gXV3TWYWbfq5xis+/npNGv2bZS6mse+pNP48mVQDA2+mvZrx5ZcZ7n21+odoK/f6rUmlouQ9d6FLgekhdxN9Kp4A1UB0B0fxsFt2Sd/86xOgalpgIMa+zwlvxR9/AlQD732V+1CqmHVPgmogveOhVJ0f/+5JUN0O6nvYbf3HrjoO/j8C/dyBW35HbTRlYcqp//EkqJp2KMe6sY+2qmKvz/7fq1vok0010LoTdQumMahM3ay7IUWHciab6tbXSZh4LHcnTIbWo/3s9qJ5k0wFIysmJsaOwvREP4GgoWWyqdIWMBXEmMkht7C4v7qavXit064lSyaRauBnJT5Ky4xTkZk967X+6ud0HwXeb/Y+m79r8qiWxutH/qoTSWVCd8p7mxbr1NWCTYHSHlF9vffZ2ZNFtX0q2sKsGEVXCkLvrlkuEAjUy7OkPT18UY/0rNOpNZNCNVDhQ4zuVArccC6xX8AQmKdn8YJ7RKKenvtLMtYfKJ4Mqheu68eIwIA4zXIwoFr34RJeMGAF93gHFoWEzGx5dfuEU51Myx6tzVIQpis5880CdTXD79SeHn4PKEu0qrifLUhouDs/4+QEU3253Uc82u+1YY3HExsYAkE14y7NWwRUfL4sa7FOUP1ctdp899Br/5xIqi0fnbzZN8o03bfz9OkQdjU4e2TGvfpgEaLyVoUIBIxqBkPAbr87f+GWiaNqCWlJUz5IpYzfcDSEDa7OZieo3Er4iKok/2i7QC0gRa02989fWDxBVKfm989k7bSZpsmtGjN8luYQuJBAkMDuz3CSnef3SEXneb7XEixMYFkz29xwraV4IqhotCJdiPzmd+R/TUT+jiRu4hj2b6Of3uSHLs8WRBbR9tTz+T080flmup+OZBJY2AQJ7TObXnU41YUlF/x0/dtYs+KVBqEQJxTiZct2VrbSiz8KqWIzSKx+Ofg6ygv886uK2xmCIVHDH0a1uSjtuGOpaPmXL/QzBLqiMM2Mt7zc93d3V0ZnlLEWFul0Ooaa8uo5B7J4oh43vkjE2zU/0pYKfAsCkqHrX+5QqpOfn/XeGKlms9n9IYuPalQakHkt+xoiExISIHlWCxIE7acTnw+UloiC+aISGa0ogTEMC7iAjG12JFXLsQtuUqeiBOTUDLM5st2vqKihPdIMVwKoajUy3+nEkI+cpPwSPr+kxHtjiHoElUUcSHVo00eBMlHgdKCqZqgRBkQ7+sEgBZiq/ErLG6rmOzXzz4OqRGeLQ6ofoCJPdBiV5lBIyIElvHpIQQygYg9eZfB67PZDmhY/s26+E48fDPWGt+RAZPWoqnKYrv453W95Q9O/1ItktJlmcFmKh9QT5E0QXdWmRPm1BjbD3HKvno86BpnT4gSGYCIt+M9rkTpB1SnvSyLpqgub1ObhF2OoGZGbWjQLITtAsvzwXr2Izw/my2j7BIyJ9Kuc5e/A9aoWeYtEbrIlqpl+VUhB5AXAsQSRkbpyVuLyhuVIgeYDQAVY56U0P4FgAi2YU9QAFU5X5CuDLCTK/ysrsag9Uk2J2dy+af481dGiKrYaLDtIJSpx29ivHh3KIVRb9jUwICubi2g8CPn6rPkhC1ml5Yeu+fn5Fc1cfHSGJmf+3RBQXXU16hjMB5ZQVKtONkwg1avL2+GCcAFEBSFPW26O9Lu2cIZGQ0dZ9MPpfihlMRgApU5AfrWkno+ozha3V6snigpBoVqBLCjl84GKDem5qr+/oaqqikqiVCwyKAZzyy5SV/X5GZHVggmiOl7Uj/oT5LdFG6VQ3HgbNwmQsRgIdajADYp5vpMMeXv9vQ/HSld2Ux3XNbCRd5D93AXIQlLpxk2Q1wcjnm3tB6jEzWCYDznJSoKDgyeQaktRO1tnVUjVRjeYppppm6rHsgw6y7wvUHY++BKf57S4amIs+CqkBN3g9SJPuUHjJKNtMj+ESqDeRLtf0gNJ1Gl6FWMiqBAUe+hykcWrRD3BssDp5rFiizTlpo3eMp6Id98JzrP5546ierWoH7VDVteB2WUJWLB+V0vVQ6gEgv4Zzvmzs2Y7X5hpfs7xuvqvopDl6mqb8IK6KxMFi5Yc7YdOZgzjQIvT8FrgWW9v73wa6MrhdRAcXQBtry3VIeivpLzLG/wEYxU4iMKE6TSpTCrtkV1W+QmqHUw1r6iBUc0YvLxaDRWliFbPc1t11rfIPLZbMRrKLvNgGhTxkakdXJ010Cqph31TtuA5vw3e92bnL3FaNDNSJxjZ9kEOUyeY20MWBzajCiA6f957Y7+D/Wp+OxsNCMO+qjnkZGB+s0wmu0ybqRuapkB0ZrO5KrK9aub8Yl/aPSmCAiypr47tUKqWuxDTtj5FaiVk7SqeFPJ7/R5VSCQl/f1Vfn6biq5NbzlQfMo3awn4OYSECBVCfjNdJ3BkZthShBY8ghHxr7sWKOP3wPTCv//5xpNItp86dWqjypdGu+DktOTsZWl9fb1ImuXNE6Heon7VDLNDe4b5DaN5qW7+v8lQj8Iv4e255+2GxLu5uZnH49XX8+p5ZAN6XiRzzm92AxvyZFmLzWq146hyrplHCx5zyw2gQsoCqkvBwXyowWhytwhq1tE2VJblfF/Kk93fFQgzjgOpMkKsWXIYm276hfvBaNsp4jmvuhRMSQ+5/0TLKhD0GMyT7spydr4HbLSxUsh4qIoXVg21JrapyE/ldgktpkAd3vwhIakonQEhHPHcnM+e9ebVO6dFOs7bX7VunaiOaYgq8pAvFF7IDfecycaOlPPnS0RQh0TkC9AVAl8w/xJP6iY6X08r0lH6ZqNSNKT58VBtWT6aNyAXicwIdPb2ds5y5vVYIMgc0COyCI/XUy/jQRuDrApxeLapnVR3QruaYesP46E6vVwtUI9KVfXhvVW78p3doFPpoewmRbbjIZFK3aAaOe+afVlGqrEnOPh8Mw2mW50ggV2+qd3WI8alq5kJjNF1ZW7Jh9QOSHzolGWQFZq93S4DSj60LllZs+/dc3a+vCerWUr6frCIz9uzof+mLkGdcJy+uF2Hlmp2UM2vYoyiK5QbFu+qp/w6mOeGQLJmzwbd7cm64Q3expPxeDI32apdsh7K8yGTOrX4CdQJ7P7pmvJ286ARx0M1ryVEoK4encqpnvJrUc/sy6AqyEu8Hun9e3uae0hf6kHJYtcqSllwVok37S64uU5g1h1lzdxk/dhx5asDfgkPdnUk1fRAFHzIry/vui+FLorE6Ll3tmcwTwSL3GY3k8FA+n9+MXiUDob9hsWqFhh61OOmuvphO2M0Kkb1vj/zSCo+z9lZSpoSXZ2Xv0rKHwzJHlm+M3I9MnuV1NMWQxyqBWZB1XJ5Ygh7/Lq6qvJ7Tv1AElWjW2x/llIZoT4fZQcLyCWgsiaHErCjdDYPJXvq2BtmIhTSDIY68kjZ3QS0ex8P1ScZGUcbdIwRBQdRMfw2SsnL9fDynSk9WaisKYvM9LJdq2SW99Bkv70d9fPoMxpa6H5VAjNjHFRLXb+Lo89kQwc+NBpTVGxG/wU36nJgtEuU76B87jxIhaSHtypfNnQoc8pot/azDYc0y6vY49DVH/JixMz0sobrz6FhzoYKORYan0mq+nuXg22onIdRSd1m86wHwaISKW16pLXWt0/X7PPT/WKqLlcDZqrtyFmoY7DZwy0InXv/IjceVe7uXeYPUl1ydr5kS9UjzZIOQvHPl3gPzh8Mdv8h1vSQX0pVEd0YxXHh9OVplvsl2NRmBkXVfuoyj8wMl/JtqHjO+bZUoKwst8HnUL55e+j9Fs8SsNuvsa79QqquwhgxedeosTAnhM2oHkkVuf0yL1g0kkp0eRdviAlKYPNst6EjkOYlMyIZlr6UXXVN8wupgjowMV5QsFXs0nF6PgzkbOtqepBqFc8SdntsqWb32FKJZLPdSgYRUdA2f96EtpgoPTAiq5b/NwcsBsV5NOv4AAAAAElFTkSuQmCC', 900),
(13, 'frink', 'frink@fakeserver.net', '123456', 'data:image/png;base64,iVBORw0KGgoAAAANSUhEUgAAAJQAAADECAMAAABObPgRAAADAFBMVEUAAAByWwN1e38DL1XLjg7e2nosJAICaZ7l7fDUvjLGycpLOQJycUILCwF1ttLexz2jfgRBT1MIIzY7krt9wd9LTCsEDhMAgcw+PybF3tU7ZXStsbOKbgHkoAtcSgPc3t+fnV10m5L0yxD82zscFQE0JwL5+PcdIyW5jQQTFRTP6d8yreMEVHhgfnmap6vuqwohKi376WiOaw7MqxNZSw/81B98ZwSLk5iswr0hPEVIZWRiaWxkYzYGGCM4Kwq2igQUDgL37X4Dc7MSKjfj5eZUOwKKiFLAvGv2vA0SFhnP3eQ8QUIUmtwkIxMCBAoZFgyCtad/hYn+/v5+Yw9sWA9RtuYjQ1LrogekeA67mxKRfRMEY4yEvK5qUgFCV1uScwEAh9QCfb8NBQC/wcRTPw8rMDQ7NA8+KwHH1NgSDgsEFRz741lWfpTb7ufz9fXxpghJSk0GCgyG0vNobXItLyPNyXFKOg3xswvUsRIaHB9zYROjs7QeHBKwfw/onwlRb2z82TEpRUbk6uzsowgkGwEFP2LXlw3/zhCRoKNjVBCacw/88X2KxbasuL3qwxCoixJmn7skIQx8bROUk1jR6d/U4eb0xA9ASEwiIxusqWRZYGR7rJ83NhsAidna5OlYWTMAb7yEagJDNQLR29uQm5wtcokjHQwKDRK81Mz97XQFKEZlTgDr5n94hITl8uycoaObeQNPV1tsbUNLUVXS6uHY1XVbjKUEHS7S3+YfJSpZRAOylhIjLTMTGh2uhQR0YgUDcayPdA+Ei46ajTLDzdP28oMsMC59fEtskYkAiNYxO0BtWQRiTA+0yMYUEwsuNDvs8/PzqwmagBBaRA/W8OYLDAykqKujhRHEpBIMFRuOcQA5LBJMdIUAc8L19/ngvBB3y+8AABnbtBKEbxBtYhIUGgpMQhIeMT3S1da0ur75xA/CiQ5DNw0rJQscGgxtfHtqc3X930gtLh3N5t0NEhQ1RkkrHgD884MFR2vq7O0tVma8x81jv+kqJRJlUQL///+LXJU4AAABAHRSTlP///////////////////////////////////////////////////////////////////////////////////////////////////////////////////////////////////////////////////////////////////////////////////////////////////////////////////////////////////////////////////////////////////////////////////////////////////////////////////////////////////////////////////8AU/cHJQAAAAlwSFlzAAAOwwAADsMBx2+oZAAAGJ9JREFUeNrtnAtYU1e2xwPF6AWdq94R20LUUmgmDAUEDB2jFryoPIqMwAzyKmB5VccwagUj4foI8hJxUCKKJQrl4gMQIrEENKJc++B1eE1UYNR+6KiARDqJjQwFZu9z8kQQEs7x63e/2T5ycjghP/5r7bXWXvsE0tgvcJD+DfVvqH9D/T+AmjcwMmCJHiAIMu8XAWVZWGNAbyyU0AasCk1MTApjkt8UlIulZTKZbGVF/snSZYvma0kmBfM//vg3FfHIgP/N6x//5jcf3wkLJRMPNS+ZXLjEoJZeYA5GQe1oSSF5iwrW4OH8irAKf8mAQVcYHPOvX//4Op1MMJRLzJLGgi7VCAP/zA1KyEom8Ny8KxJxMldeUDH/YXpktCWJQChSTCM9LKxLe5h3hRWYwG9AKimAMJGIgfIS88Y1EiQ7Or7ExIpsSRDUTyW1UBvzAjDMUfOgaoV1FTiR552cR66FJxqR9DBMqDD6AHCtsOtwzA8zqLEkAIpkQjfvKqAbhIIxWlKzrtBkiT/d3JzeMQCmPmJFJouRYid6l+SZUqYOZODYdfWowPTEFYpUUxBWYBBaAsaSGAmCSMBAxMXFiM9ATS20G3D6aB+kGKFjTPRspKmiIgwbFRXQ5SsaXfCFIi0xMMeQSkxckDWNcPYVPNuBxAO/V7pZWFhB6BrxAB2ar1aSXavlfWEV16+3F1jiCmVSSx+FItXUJIvjsflXMIDEF4x3+65acJbeNYrEj/9CFwgQ880tcYSyaqwFEv3kg8jEwJFR764tltS+ggRHqI8kHunQgIEzAv0PUBVswQ2KVGMwWmPlcvLPXiykFlWJTpdk0xWTrwvGUfOuMKUZ6WuQdDUQvbHm2ZqBNfGjdKhV+yhuUMk1NYVoBPT6HJCg/i4ZQI0IgjqcjaOjoaGNBvQCRUCFVkUJDdYUkostXVzgrPgceUYHkzAGJyhSsokVdsmXTWHmdOjvZAQCgGPoaSUoF3w0oJurgypAEp/0Qr9BIR3E9mc7rOIrrofiBWXpoooLBbWQYh3qWQUGKFBJTaEVOTmZvMakBmKpfCkSYYm/9cJeWEKv+JhOpnaPhhlY4gSl/Hpyo3kjZBqVDAAnKoCS1Vgh4s8RyUj3SLEPIhYjVutCsclJH/A+5br78vpsZUiZfxPkSNK6aYfQ6eY+E3MDlGmJeLQLYyIjPpF+SUYpFA6FktK/2S9SIkZiamGOkTzes2KbXH5lwyoSRlWw2YqIhGzpREc9KMYFoZtDpiUutL1GFI5yBIB/KZs7EPGSMLpP+oPU1NT9F+Sup5ahYpFGbyYTAUVGdaoplFCLQeYtKSlEmihtaiYOxw6MtgSKA1uCPErFBhDLdcOXmLeTCICaR4YGM4lhR0kKw+gloyaIH5QnIADlSXA/0denIOk5dvOE4jD1R1d56e63Caun5hVCJhgcstO7wJxD9ipVsktQ4kww9rseLt39JVFQLiYlozUx8FpLg4KSJUhHWwCG5J762rHCVS7f4E0UVA1wI7TGTK41KEkuNsJkep1K2HjfVX7lOIkgqCUlWN27ZkdtaA2SgTG5p0493j8sP3WZGCjLkhp0UofelDSGWnZgMWA6TMDb5XKd3Wp6UMmjqPFM+lMkS0yQflSnttTpjeXyUl0NOF1Hh2nLMimOwo63bGpDofqmCbXignzZGSKgSGiBFgokik+W9HNgfLJLne74UV66zIUIKDQaJAEUhx2RFBTKfdpQK5bLTy0iatm+DvoSpSMJTXTTth6cgXLXZX8nBsoyA8u78P8ATkKqDuOCfMMiYqCskuKUqUUn66Fe5frdPEKg1qkqggSObkLBCbj+SyKgXPzalFB9CXZ9OkGBKmb3GSKgkveqrJeaqiMTdPXjEgKgfspQuLkOEUorgH5JAJRV0gygQK6ZtYoAqJh+Dkd/KFAaL/sCd6gtJimUGSi1H9QKi3CHclk3I6gVcvmsM0RAqeKUflClvzio1MPyb+YSAfU/quCpB9QF+TfHv8Df0Y1USp3Q3XqgKJYfP0NASFAtiN11D51wlE471Uw/oiepE7LOUIdRKtcr60k4574MVTMjQXfz7f9xOQQrPY4vlKWfMiEH2Onj6cCvgBVLV+EL1aQqXfSafgrfOuWNJ5SLgaJ/oIenaySbDW/jCQUqzwB9PV0l1WG8oWLUIV2f7Jdqsedq0Prj353EFYqcETepU1lY9Fy9095+1DHLYmKguw/TRxCE5iETU3fgusRqspskUmXdSfcWb5SxWCIZOz3w1Xh/4k60zHQjazAx9p3mtDwGC0coUihlQvudCIo+RyJFPbdtbv6oaBcVQduwmuPBXuTAPtmCjwQCQY5AIG1O9MJxhayuPTXt1/NYtMBDVPaOtcDaOsfa+vwgrXuPNlOk7MPTVD64QGAt4IJLpB954QeV7DDB/Av0PvDegYZmgVQA3i4nx1oqSKQOOGpCpcueZy64JrXOEVzaDshzBNKvEqm4QW1x0OhQK6Ry9H4RspJ6XgBgtm/PycGoWPFZaqar4n0h34vSBIBqOxNQ5eRIBc0MEl5QpJoUiqqXj8VPi+gD4B2LgOUE1ttbgX1ycsBxEe2Y2uOe2f8+c0HuO1JrMAAVgLK2/mu5PV5QYzFJHG1X78tgnc48UCmVCqBHXWoVWKNDyvABbgWixNE7R4OQfZmZorKcnO3Qy8El8MH6o1zcoJI3q9MfrPT6etbsyzwNTGMtAG9pLWgFVDmQqtljb1Z7ZDEik4nFpO8zT3sk5ggOtkKc1ktASoFUyujEC4pkoAGVkNpnt/lkSOY+6juo6cA7Ym9pDZyGL2b7RB876tizZ6/4dOaHrPPgi5cuCeAlwPOAf5WJ8IIa0yiJgf3cOf4vMkMO5Aq4gIoJLQioUAsK3tuYrpiBRwHUvmoYD1AqgA+orHMGcVMKVJ8aUrnbcaL3hYTYM/4K3Rx6C7AimF/gPQWJsjvKyUdTQQGVINUl4Os5z/GDGjNQBfWAgDZOCvvDkJDqwe1oWGxtBQ85cArmQKcKUkA50t5TmA/jEQgOAhvjqZRy/gVg+1dGNABln4d5NzSdACoGEc+L2hVQ/8n+MPN7j49yoDyACjUjMHEefj41ZrmZo7HJlwKhfvcCDT3W0DogXOdcAm9s3SxSmu/Ht1dmhoiKMCjr7ZAb/JUO4ghFMsD61XBQ+v3EKzMz97HOo2EAONQlNHheAiknDQlUQn1XHZJ5gC9F1UQvBEjS5spz+EFB+0GmuJQk/26EjRzIDHlPloZmPaAB0AE+AkcfzFaWCu9v8ABORf0IIimHVFAWNYYjFDmjjdLW1r9XImY3ZRj5i34fEkLNk0pzUChoPfRRap9uodrxY+0LOX0tb7tUBSXNiS0j4Qklrkkx8mOLJf79dm1xnH6fwczMD0W2qFWgTPCNgRuXIXfVK5i59iEh74nKpNCXoAGl1udtRWO4Qs3rlvh0ZKQo0nIT9TRw9YZ3lFDYaK5O1+jhbRB9CMg9nkuxzCgVxCZGjeEKdU6M+GnUeimST6EMDK4UCIBNMODGlWyNMm9/6aJz+05nMkQLmgXoOFJ0bQxPKBKJhDRRKBzVDOQk0VaGZL4nqmyWCtDiBMA150oCNYs812XnRtj2n34qE794XlT0/MWOajw3jLC9LM2iGAQtBzag+t6eWnde8FfwR/BOmf1IoHYPtvSLR3ePxY+wxWIxzfuLM/+wxxMKu+8l+SFHaySxn3wfErJSxuKXpdnW5VFpTnvGr0CPS/akZj3Yczcw0HHPldK5XrhCYct3Bw5FcZcEpy0B+pW/D/XAypXVG0mkjUjxoz2vtqtdWY9OqHvX63GFUhfFKpc6kQDTjpFfZPez+HinvUGBDyZsws6V3FW3Ey6/jT+UllO5p7orihkKJWHSruO23Sed1ISXvyUAyqW7yV8RqNCVVp97Ahjufa/ra6wXt6vaxJe/wB8q2+nxo0dOTv26dDq2lZ4pVq4FLxAARQ68m2VhYRGYhO3d9k2zWzaL5ZRFGJTLVWWmtQvQoX32vvwU+yFhUKGBPXuwHzkhQJf22XLX9WxHgqBcMihNI+yHEKsvQJf22Qr5N5e7e4iBSu4Hcz9yYzqg6tOtJ7tNXrrIH5r+wly8oWLAwo/S3dF9MxWs+tDqZbo92RWu8g3/OEoMVAonwIid0h95IjUBq6im3ZP9US5f5g0MeOE7vKFMQNDsjwZZ2C5BEdPbpt2IvSCXXwZx4cJ6Isxn1K1ZJEx/9wFIdeXkndQLy3B3dLgYjU+KU2VkXXYfgFRzu7OWn8I7IW9xoFDiNjugpWeArrsPQKoNtMDlG3CvEtYlwYIAAim3uRN02W+Y9cWx5btxhyI5YJmY8tBPeaunLndMuC6K31a6CPeETDJIMkpJSYoc6dd9mxvY70z0j/JVNPzrKcsYkxirps167Cjvl7ueid4v/84bfyj0VRo9WR1uzpOXvp2+4vDUMUHPDx0m++mxo7zi8JWTN1dcIAzK0kEPqP2HT9EcU5dPfdOLvh/PrKG8ZvPvhN2EdztvK33bySL1/dK5REHFGAVMGtP77Ca8CXvFhfWSq7Be2DBCEJTV5jjljsirUKpmg9Yk2Hac/RBWVMtnfUcQ1IB69+HV6YeWEJv9jDTFsviPVYotmxXyK2eIgSouUG2+TxATYAHfH8/uyEhRVhF3956UKD/9sO2bDV8SAoWExgWgq6yACaOnewJMRdmf+3T737xzNOhRNIKkO6pajstnnUKIgBpbR1HezzHx/O/rS3BP6PdfU8z28WEPOAX1aNXGu19714veUDEpAdNJM1kPHO867sl6JQueWkUIVH/cDG6cWC5/nVvpDaW4v1nPmzn2u856jQH1hvoJvXfCLlXPsU2+fgR/qGSHOP3vD0KD1SICoB7G6X97ENpduPx3/KH84uD6Kqu9R9/bluZmEwLVltrzbOSBvlKtGiMEKiE1XeKoJ5PF/0UTAQXigaNY/EhP8109RiJi9nE4bcckfsXI4/YHFroiZQXVkggInuSMuAC79MgESkYk2zs9SCe9TlxtNyEk9/2UFBcQ59ABqiqKkV88TfL4Yc809XoQdLNwCyGlC5b7UvZiHw5po2R0FCPsxw+POj7ImpTNIqvnbrt/bQ15qk9mzaBKwLaxYOkCseIoSX4dI2y2d3z6saCjgY49D7KyLCzg7XonsrIe9DgGHg3yj5c4kbOR6e4C6T7mraMoGi9oVO9zb4PPUoyS/Pyfsdk09PdPZA8MrIkeGMgulkh8kM/FMlFULm1a31zvyrNE2QvqU1ebcBXTBgaHktKRa1tXZrhrFwOMXYabisx6nw75+ppFEQpVrPzAkVbtAvdp0PVVm1/Ddh6v1XfcKCIWamBv22TLhj64mEliDQs95yhYlvLuYweGxEKp1n0TFC+wm01hGwqFBxVQjCOYZsy6aiKhNkYavaZnBizYtvfasJCHMQ3ZH8GOluaNEQdFqmaNoO3FSfrocDcihc3gClGBPqhjDXOBaB8wjanEQZH4gw1NnNd9GBl2E5KQXbFQoIN1lR6DaUc+M759u2GMMChxmfMtkcPrO9bQ2TPEuXVmZmZ1uR721Q0vvLy8RGOEQcmce4XOkv6pbgLvS+h/5mEfFWUv08MUur5gh3OzcFAcSZmyY5bV7qJvCtO5O2yYKIxt2Xhz6obnVZOxNwWVZ8v1vFXto1izv2ZnzaLd8k1BRR3hCT2Hq/3bptyZ6Vky9oagNm66JRQCpVSfLJgc6s6zNwWV6ywEULFPHNqm3G64OfKGoETOnihUi/+UGzNZo6w3BJWbyBVCqk8jp4S6Wzj2ZqBMDXmQScjdxZ7yAzTHyG8IqiVRAVVES5kK6mb2G4LKGxZiUMOizdgdxJNCZYX6vBkokTOKBHyd92kHdl/zpLNvj8nYm4G65sxVQhUVG3EC4l5jvhn5uS5Q/GGlUp6x9g4cymb/SKfJlutXn1U3NDxZTTgUFRMKQgm5m7qTRky3Vq02lTk5TrAiztorFv3zT19//TuioaLSeCooz1tektXBEYsjbthU0Y5lvcKULnr31zvB+NUfCYZaEIsphU3Auh029+rz8+vrI2xkj8dRPXASff3zH/7wA6D6y0IioWTn6nieGlCbVq89G14PoMLz11Z539XSyanzvz4JDw+v/xlI9U/ioEh8BmuXFhSj6t7ZxVCp+vD6iIVaVA9Ng/PDwRfqP/lh5w/v/jdRUKK6tGFqmob1PLl5C++dvQfeOB8oUh9R5a22oCNyKBzVML/+tzt3fv2EIKiWxFs8W2qzUGNwB4FSZxfXK0ZEVbQyNmQ9rlqsYIJSEQXldSRWyDNsifVUSgUeuWmda89iUmFUnf4Kra4iwah6KNfPO/9EjPm8emOFnnMW8IWeCssd3O7pCdJfMCaVwq+CZUEWPY49JyweAaHy0QHO/7zzbwuJgGrpRVlEhlAgIcBp9Z0DDnj8t86e1TBgvY3sZGenjJ0ueQlBVVDvbiUAyj4xFq0LaLaY8WBTpxU+Om+dDaDuhSsNuPhi1Y0bwTYXd9jka0L98Rr+UCJbNOHxnD1QP/dEG033YWi/xXp5VqVVPghXwaazAeHiQ1vXYiYFNv3kh1+JGHl4Q51Lu4X6NW+w2lOpE+xZgCdcw9U3UKqIxShUffjWl/UgZC6+eFFl0t/u/JplbMzHF2rHpiOY0bif5nJh1mNiDSdoP+EwFbo6NCHwbBjZ31q4GBpz9ta1mEHzoUtVDrndZuEJRXpuq0zBDQweUEzZmfNF7Wdvg0FBLMhgszoiHEpW9VIhFAhTT+p87/cycIQiMUAQR2sCoWcLXDPwVA1VN3DauXO2EgrzLCARhMo/dBFNMvXhv935a1EvEPezb/GDquxVREuo1CYApW72QqUqq9aqmGAYzb+x+gaYc+H5L6sw5wdQO58UwasNcfs9eQ1HPD2VEZzL5/M0hLoPzvR22qiIFsN4WQ+gQH5RQdWHfwJSX+5SKFUDTlBUNEAplOKmeSRqCMXkgvmomHxnIxTGqg+ugofh9QvfClc41c87f/3EGTZgDfH5JaPnnIe5mgn4Bf8rpgoKzD5uy1tqH8fqqkMX4eyrX2saDNEUnv5uLmzFTrN/PgUUyfCIJpNQeIRapt44YIIQ7xGskWbgpIvYagMFi1hYFa4RqP4iWgqlGtyBAxTfWeipBSWsE/Vq+BTXVjZbK/XV1780DY4ANftqj4vqs/k//FANXd3X7NuZQ3n1aiApDgepxh+oZh83zfQGdKd8rHACQs02FZluXb1VNNhbbYPVLeBrYAK+y4AvMK6cMVR1oqbtDrZyIRcvL8pYCXVQiCqlthOYenluZoasOjemb2/nS5B08hVe9bdK1OCG52YItbFuWINpjiKteMZWRvFUnj7sYXP2Xj1WC6ClZ64beOu8MiAm01l0KCI/HK306n/+HaqUrzN1hlCMNI1ifA6mDNRqOIo/pLAgj5d7ce09RYESnh+xsBq1rSF/CMpSLqoKhsYDYet/ZZi85TOEWjDMUzO1Ku0F48It1i5lSuYldr6E5guHmSV4K3UpetrsGvb4FV9WZTN77drgi52bsBc4s2YERU3kqapxdcBEObnOrNsqryrrPHQW2i9i9lumlQpvM6YqDphmeVTZ1k6RVxH2UyxlkGYCRapr1vInZRRAV32eedVDihNzhGnXVh+ysTlUZepR56Y4+bTaTBXLnhrK6ozdsAKMyWiY0exj2Kr7GHM0dlrRcpM7zFLFUGbrwXKqmBqVVz6krh5ailTHH5jRPmNiOrnltVTPBKrhCFcVonha+7/3YZnHW1CpeW6wYUhrn3got079xJimCLdDfJa91wygZGka+e6+9q40DFe3qAzNU86sIa1LmHmG6iexNMyWQ3m0ok25+kORBo+omHjM8XvlrbzmXHs3zTO9rKfaUPxdzPJcBjYFl9JuK5h6fZ/y9YdqMFQLNX7/nvmV2WC1l7HWuaceveOg8oyvlVUaoj+PG60cPtTRNsGILtIXSpYWq04u2kjGgw0sGrXO7QOts0Oicm2oysryBUO30RDq6+bhjF5SCZ/djtITirRLXUPxtByKucnDnl9nfH+8QZnUOu3nf+aXVw71LkB/ooMoVLnMDP4gvZV6QrXsUoVyrrbxPvMwPOg70bA3HK+UWQuvPA9VasgDEt8+h3qW2+A5vaA21t1StVXGIZh5PJ2Qybdh13goN35uA2bTIQ+YYpi5WHFxu1ovKL6tKuVpRygmr5llPDFULmOco/N9D5Z/ppisIjTvLa1kFYEpa+alD1S1rXBi4zF5np4tzhNDVeYxx0Opn2BQoBb28CoaGuLrAUUaHJ5k5sFlqGHlxFD88VCVr0J9wPwsj1XNiBLpDtViOMnMg+kF5Dzj6UD55k2gFKrWplxW7redOkJtNByeLGzCKclbYMichvl8GZUTQ4Fnt8rLp7vS+hduDg0h1sk+oQAAAABJRU5ErkJggg==', 100);
INSERT INTO `usuarios` (`id`, `alias`, `email`, `pass`, `avatar`, `perfil`) VALUES
(14, 'nick', 'nick@fakeserver.net', '123456', 'data:image/png;base64,iVBORw0KGgoAAAANSUhEUgAAAJYAAADICAMAAAA9W+hXAAADAFBMVEUAAACGeQqLg4sFGR7v4vE9NgXKtQjIvco6MzcdGgZ4eHVHWVrS0c/s1AYGCAWroqwXKSlhVwz4+Paumwf24QbruMkWGRoEJzLj1+VsZmq5r7pDRkkDDhKakpwaMjJORQbh4N+8tL0CBAl2agv9xtrbxAYJBgUNDRIRDgX/6wEeIiK5pgr26fiXiQr43AAuKQmFanNYRUvy1gGzjpwocG4CLDqhf4viscI9QULn2+lqVFsMCgTt4O9USgX09PMCMD7TyNVybHMfQUjEucUEHynd0t+ysa+SipIRDxAqJiqjnKTz3AgLCwyCe4P/8wP95AHjzAZsYgv/0eX22gD44QgYGhfTvQUlIQbCrgn3wNN+cgpRUU8iIRvTprcGChgWFhlcUwbMzMxFPQWfkRHs7Ow6OTYcHiFKRkqQfwgPEA8xMS5hYV4tLjGrq6sZFgZaVVqxngkjJCR8YmtDPkEaFRb/zeIbHBwyNjoTExTZ2dfq3ewqISN5dHrBwb8yJyvyvM4lKCYEHSNDQ0OBgX+Sc326uraMjIwrLCxKOT82OTYTEAtNUFGYmJVxWWEECwwyMzQ0LgU7PDxpXgtiTVQLSksFEhSSko/57PtcW1ybm5pPSA3m0ge0q7Vzc3Pw8O9iXmKiop8/QT7c3NxyZgokJinZzttLS0sEIyzu2QgEKjUqJQdISEbbrL3k5OT/1Op6bQ0IBwjJnq7x5fM0LgpDPArWwglaWVfNugpkY2QhHgYEKS/Dw8O+laPU1NTNws5PUE/Fsgq8vLtGUVIEBhEmKSs8NQvdyQn/+wI1OjsMERnIyMXk2eZENTqOgQxkamt8fHwGISavprGrhpRUU1Tq0glLQwu0oguqqactMjNkWgqIiIX+yd5UV1p/eYCCdQtbUgwUEgQDFRpeXGG8qgmTk5ObiwqEhISklAtsbGxVTE+smwtoaGeLfQoPEBFFSkv0vtHbxAmfnKApHyFQRwyjo6OUhQu0tLT///9UTAz6wtVHQQugjwolLTLjzAnSvQr///8sTubxAAABAHRSTlP///////////////////////////////////////////////////////////////////////////////////////////////////////////////////////////////////////////////////////////////////////////////////////////////////////////////////////////////////////////////////////////////////////////////////////////////////////////////////////////////////////////////////8AU/cHJQAAAAFiS0dE96vcevcAAAAJcEhZcwAADsMAAA7DAcdvqGQAABwQSURBVHja7Zx7VBz3dcdvBMKip0RVbAvc4OMKPUfCK5scHBPwItd2/WDMiEyPkNW4GGctt7GEvXGYTDdOVKijbXRaVsiHIiJTJcgCLwklXlCAYnSgEbLTjQ9yeETUKY/wkqlUSCJASg6o9/eb2d157s4K7OYPzzm2ZViYz9zf/d37vfd3R3DjD/KCT7A+wfoE6xOsT7A+wdJdLFuw/g8JS9xeIG6B4LVFFIXt4v8r1hsCK7GUJVeMSldFclkK/RLr1H/evV0Qzp0TBOe5jw5LJEhloyV13nTpyiZXejb+yfvwaDIhE4If3r6VVVhU4haFlcZ6Q8Dfm1ySSGDSTa66UTSbeBE/fU6UHyDRi4/g9SbW1ZWMllE2sWDlsAjTaF0YItl6SIY3drImn/Y+HENsKjpXBAsfPbkuElKQrARNFuM1/YD34QpCtmwshBr1pkdz1SWGfwTvw2gzcf9ysNYTqOz0lb68JREtFgYLvaQiceWhpMUGEG4OywlQl/5RXRTMeRNYaCpvdnr6Rwg2Cmy0WPcDlHyUUBQsMQXORYVFFvCjpiLXKOyPAms7lHnTP44ru8RkSxphnYPk9Oz0j4erznhHGmB9FirSE0fLyhI/Fq4L4LaGBWUlJLGmfGzreMAKVkCJJKZ/TFcFWMDCTYjLLXz08SF0Gbi9FutdKStA2c3dIfFCyYXE6N3+YiSsH9GUIFrPO3WjqjhENXVJFG7pjako0e9GLZZTihCj2ZafNFnpJdB/rLmIgFkXQvRJLIVTFqwQZUu/NGhXLwqpjQzDJUw3A8YYq1cZXDnHbreA5YaID+v1oj5PTsZAUhLMcPg/lxme520MN3HEep5IhPXWonwEf0+8QAsdgG1E5Ae+ikLlyEtIZbMRsJZ6y1wYuDxWsNzwcBhhWUFrmG3dg3MD/QoqdPbmWUplI2DMYpP1zZwMVrDYMhOBlEijPxT1D41t5t458dvgCmbX4TcaOU6CIlcat1hv2b/q9IJQj/V140jqlZjaBqcXOYbJffNTmVAmiZ9sL5oqfoCxhajQYEwcC1b3o5WdyIKBU9SRQgriBwcScKtx3Ozl+uACemPwO9cWAwsYtBdzGcB7s6sIelUzql09yVBs/xRh4tO4uGsjGAH+nUQIL+Vteonh1FBoLhvfBBXWwt+objOCXgLWaaBiCFRb4xKH90aT8NwAFs5lF+oulMRQG3ZP8VpTScs4bTHfZ8fonEtvvhS1n8d8mphjIkFiovfjFvNGAjqjPm8vp/aqkLm4JmvZwgKWW7WG0vL1v2QjUKEbcszu6X2Dz6xr/H0nz3A23oiKmGvOYvCKgT+JgLVfGbQo1LUxYg7VnXkEky7CZAxF6Ddvs5by9ZUG6JoOiemKYATDnYyh4wQvm+mF8M9ac/rIOzGUpYlIudapWr0oL54ZshbqUyJiBUJzHek9nspdBhTBGrO0F70Ro7ystEjcFgFauDTbMi50rkwrzmVQZIA2apVQbUf4U1ZztmVdvC0tH2KyLSiuSKmaJQlxlPaNvwNzDL88Lhv6/OjNrKEWC8Wmt0yqRPZvmeWWicUzz0SWEdmjkQsyETCfSKrsJ6uXS4VYeZG3oteoDQG6KjHwIaKAl411KjLWKPxvRKx3g7XRuxC3AtbaGBEr0bBnY9oN/Glbgu3jwEqGd6PBSnlg2WtoYRGxvtgfVe90BVzLgsvXAUTV0hVhbCWwBiNglcFno8EqgwnLId5cS/DcA+HjVrJBiRgGC+I7LdqK4FDxxXE6MvzOakMsb91oRXJFide0o2vSg4g/w6RZg7IxTM6ZgYmJ6ZY+RiueUfcb5kSptKOHjNH05bdDp0wVQeohFL/jWJt0i5HhgRy1YuS53SP6WpH0Ko40Dw82QZTHBXCMriDycJzx8gRK+pw5rBcLPLU/7i11b8VKZFpVmPHcHv0BDe69osvn8fdyjdFhibADsYhe5/o6pyamO/s4I42Kphqohzf+od2+QK8/e6IUYN2bCi4DGYhxipS6+NvTbMywYSQ1x4ojFEzfxO8y6fJk/m6iT1d08dxtp6CgSmaSrnk3dC+GuHhmQlv6oK2G8BmJUXkuzvyUzADrIkwxaRw/F4/rc+AHvX/lEbB6vZtTZ0iey7kGtQ0L6sveCk0ngh/UB3lKhQ+0r5E8OF+fEo1vsasZZqkb4MfzDnozR9cLAN/tU7mNjbsGL3xmQXdVQ/NtAcPyjCZsoZQ7hVQnjh5poeZ6FqLB8sDQjiPw3DcVd2t3Q1Ofym0a4cMFo+sFaJRDHg1bMeoOfDPB6QYaFQl1VAd32yEFXlB5zYLjOfyVttDydMKXGgyxHE5YkvgxPsSrNmIJxJ9HvxomTiIbU4zq4E6EVu3taoRQ8sZd2g/fWzC+rsIgI2PFqTaiF2CaIf2lY/L3o8aCcrvudgfhSGCXkRu67SZYdueItNw8c6vK4ytgGKniYGeOTca+K8pFZDsM7vcDsovkNTwG/7Vgdv0PjXvkU5eVHl8HI/hYtzVl7pWNFa3L34BLxqvTpMh1haZY4/JqE1mj6HeWYYGXxrwHzcEdkdC2NRosAQ4a3a4QMjdLq8Od2bJft4YNAQvPQx7daDzXrfD4OmjCrywWQWaLvCNw2zijwXJCjRFWQ4FcdfDMXijXfndSZEulH/smUL1NbepVeNbdaKxGICcdfKD9VRoN1lZBbYrx4+N06wvQImPtgFrdhsCrlP6xS8bizo+Ejkq9MLKb404UwdxIG2+TbP5sSnQKwq0J3AA9EtbmoLW0WK1UPjUoIgTP7YWy7FAfch0aawKOvfOAJMcxqmUWRIVVIKjiIxmUcqL9OsryA895RreIkwRLsvKk5PIkipRJQ2heb8mniQOgs7Xk7pN6GySPe25E5/JK37K78YYevOG3Q3EyIX6/Jh86PPipKvrHXilAYO7pJ0feZWVUjOZh+t8DqzlmiuRF0jZphiiHWdQ7cV4EYR7/ewmDdCBu3QV/rE0645Pt0s4Q23Jko/Zt3LmNKqP8/rt5ap+/YdCG64ic41rCDf8YYpX1qvPOPPGZGjY/IG7IDQ6bha1/CjagUEjaNo/deuvYGZ52hZln0Dm5MWotEtSinUjyQLv+drXw5RMJQZG+zWmSfGoE2QOlCoRT9qOLBqnbIzbPzW4Tox6UEgRd5OqBpuGizqC5NtLNaRDc3DCgrOVCRQrCNu7mSOjC7EPq7dro57dYpya5/BGWK3A5oLjQ6fPhF0a2+kpQbhlcDBVq8TbqWftvZqwMxHFl3imFL2XCqVyFTO/MZPUpqssJg2Ga0/TEaOklfLiw2zD8WNlzVX9H/OczDV3HU2Bfo0INU64BVqsi7Bi88rgI7See1HeYd87d5GwgiTnu0t7Sc1gA9nfmFGUucepzzM56KO9SQH3PDZlzTMSmGHoaE5d50yOLcHTj6iKMOfUPvHeGe+dyIMMquBJOAdxfVYh1iL3mL6qdWAEuMRaOF7DGyI807mr+/Z88m8vlLC722cjZJndUzoeqX88sHcNwudX5RkEKFvvrOhkrbU0s5brh+zeNRXa6jeNozMEk2K/fYKTw7pt6Jj8zs2h13vQiY8VUtjQupx++s4wpXVI9STGHx0RmeHZAT/D4zYvkP4odyBv3Ucjn05jd3ZGpwmGth73BHDgELxmHI9rfohZVfJszaaXgR3M788MIBytYbkn8yj3QMU3sVgdy9f2X9FFCbv4soTy1MtQfbkuw8QkB2X1MlVLIGI15zMSINqd1M56Z3vnA8F1HM+HKsuflPdAZwBpS+hamnqndnPlZcEsmTOdqjpG5Jak79/0by8a6kXI5UA1Mw11BrDRmqSllmgljrinYMsdpO4NpU/uaDacmo8b66wcCcnT3CMQxaXRjIlUbDIfrQ/MojDExqBca3f2dIfj7lcD66WoutBXrz+QiCzpuZxv085xhuLAFi268Bjerp25I42JFXhHZWi8rOt52Wz8UzZ1JSNu9Iw9gWEtFgThOCgykMNq2d64JNqoCBWmzrQzWT+MDx1HIMYz5Mb5tBLPMHKelIrGU29O9N5esMsc3we9zGX6R151csytjraKEoPCzcdPN5N2d/H3npZk25dnvxBLWNbvz2TEikLlrpFWEP6ALHLB+RbBS4k9wQXNxDDe7Y6CFV8+1EGWH+7T+BHItdkPTus3MOugnpY8uyKKKF1YAy81CG8+fkLshS0s0AQYnauQtyjDUZyC/JRfJ53Y2jw3DNeMNweyzknYiYZXiih1lhtto34FnuvuZ0JEGaYCS+URmoHmKQys0jo0Qoc/nvtNyFAWqYagl3UnnsrHccE6A/o0ATTlUg48MKrMPFsh3y3Yae7NoJ8ecH075Lcec2AhbJkznplZbf4/O9JOi+wap3+OPkWoT003mPhVWHOnLohMP7sxswuI+jWPipvom4qG7xUR10WJpZV5tA2hryT0GEwzZ3FMaa+FXc+q7c8+T+JSGYTZnKh8yL99mlivp2NT+FcESYCiX4ZpTljguju1UYe1OmWOY4SOLNlvCGNkJSxtR9+edN68waN8Z2Isr8cadCN3vnb+tE0MQvyNBMbSFq5o3wPGXlxgy7Nm3d6gZYNupM+GmqnjmJfhSj2jR6yMsN5Yzmc1zOxY55h0y2BmMkFTU4df6lqaHmsmgYPfcYvhRL555D8oXCgVYCSz6JhlA0dHhT926d8/uhByewPFpCbNxO6Y+NdxNRRTbfLmFizR/RvJ3L+n3rsz7iYRsa7I0nz/SVn909erVR3e2BScp868NDezmzOcWFb7VD5O0KVe+Qljk+gZsix/JlFkyR9qONj+QNzQxNivXPBFLMdp3Js27ditvTVp/JRfyTmyenZ3dswf/vftEgjxLyekKDLNpT25PZgrtTpXDimI9k0sUlXSZH6/zYTZiudwoK11BLHakT1otcjFm8QmTdJrpVGW1fEYjrCDWDTg6cMZG0zbHTVw2HmPmsfowHt0j507zFKsD2JXEupECmd1LRIbmoFBtbtF6OomxzPQIGE4ykaS6/l/lTjSsKBYJ+sMYR2eboawCK4hOTvZ4Oe4zTMs13KbPGoutaXgh2OcXVhbrBjybO5u3jbx+SiaLm9+L45ngdeKlYRTVZfCMobWYQfi23J8rt/BmdVRYHji6cRvAhdCkTP21jXO3DgxMz23sj8f/rUisMJz74rm+keBxbS/Acl5g1l/nyC+MCb6pWxdTpvzLAspi6shhptHcF9Hx/xI6tfJMCgAXVwzLSV4Py1YO+ZO3kCqSkysqYuoSyRugiWA0UojK9GiBI3TiVr7gQDB2pbD2R3xR9wIMM8bvP/QoDh5IXG24FM5gUWFdiTg4XUElvs6z/rJ+a4PijE8K912e6Oa3wvQHSyJN3MoHtOoYyzTKEV6FteBoBbMWDkTn8THmY3519Iy1X9ed4LixZjhSY4CFiYg1iWFRYAEI5u8wJNPTctDsQxJkO0mMrVYdapWGTm2cxqHCMhbG5sJx7bimN+RTyWisCrWxCNSZdTRKKedxLikPuhtKDR0MLMeG0hpUvCnpo8rRp8Bbm0S8JmaXQOYZxVAZQs3moXL0iOpDvuOgPEW1HwcDpQNWs2E1HZ8BTDp1ihGjEtlW9cMYTQFCtSSF2ohQz61dywoO9Xlpq3ZyoPWmsGoDp+M9kAKKhUyRECugOYFBDzoypRhZYs5g8oQP34+tXKM5QC5XeZo0FfDLm8BCt5IPiRswNouBUdLsUTonmciSnqWNmxqaDcz0YEhoGcR1Pb7B50t9VDO8hApCe3BbBfAfUWMJ4KkJ/YLadlaK9eRFkhT672u30RFHqYVL333di4pMvOOWVJ8/I8mpmdjBRxvXTxVBtFhOOK542ktdDpH+FRaEB9cTLTbMyec5vCQF35zCGlt4clelz+9PqnxFEQ6kc2NWlqlqe12JDovVesIvoAgVTF0JwHczy+jLpYGGITXZ7FA+br5Hkyqz/P4Mv+/sY6zm1LtLHS7k67A6rkJEKq3FS6FljBbT7/WRVwQHJFEvjVzzAyR2Pr/WVelK8mdkZPhTe7VPhYYpNxoJ6IH7rWMB/Frz4/8JeQy3uHH14F7GNjG0g5dGtShTXCMaquCOh3ypLsKUkZGUuhbUwYHGg1bDUYVe5cxueCxWf3r/Anw5l5SKxMEZUphJMp6PG2pCQ5U/errSlyFBZWS4XG64qr/9uMkIJmu17cZ26QYd2EBxkcbzaWlpdC4kYayRMDkvbYilLiVfxN9r9RONZvN77Qr3Cntwp6dCF/jwDYCj+zrfJKU+/sO3zF3DPQD7T671p6KhglDo77ew+tnHdvCYDOc4SkPuFQZLNKCyO0WXf5UzhRQXc3s3D1y+lk+8333H2kdS0aNCTOTyvUx7NKpbo1i+asTUMVlOWlbrnZGwBNBTLRyEB1P9qZVPfE3q3NBZiRcffchV6dMy4RKuomNfSqjDWFoYOXx7r6JSeSMc1v2s0ThlKTyU5fLd6QT23ldfvRdz/+tnXakGTGQJz4rqwSbHuBOg1uBZHSjr2d7x+cKOwoM9WEVecYZ5z8foqTpgTWzqaXy0D58uLi7+4j0g7Kr0+/VMdAlLVeOr9ioTKDLGzfaE1Gs7CoM/N8W6wh5vN3D4VQtrBfjG54o3zRw6NPPFL4Db7zKEIkuoHPG66jGBIsK5V70xrooAYeoJKK1Spwm7wO5ahfnu9uKZmaeeemrm+qafQWulEZbf95Co8M2uUvxl8yYzvfrBOZTSYbvMwJYeblc6vJsMct5bfOgpes188DQLa1OT9FgulyeUdWrwhzwHzebFjXZmTbipkdb2ajpF2RDSlVipuOGrxTMS1lOHir8Kj2e4DJbwQTgQWMLDIgjjJiN7haxxvAjzt5WRbFaDJmt1KCJ8+a5fwn1BrBnEgld0y5iU+j7LylYuxK1V3WAWQd0ms3zmAYLo5CoRPF0K8QEPZqEGfvsDGWtm0+cfQ713NlbN5c96xBm4Hf5MbbvpsHi1VoxFxGI9C+1YLE0qrO+BOytdGW54K4hV/AX45Ro4qTZXUkZqrSxeHL0gVplCkX5lR3RYB6AHKxLVzsVslorhQICnN83IVG9tEVxnWfYhX5DLn+TyVT4JIv3BQjf01phTYWlWvRAdFove7T6oCVpPpia5HinYImPNXH/qW7DWl/ogvJgqYyX5Yytda58HWbu4zdYo4KtsTXRYF0mBrhFwTrjF53c9IgaxMJreUZmUtesxIObCWJ9V6Tv7JIkrvYH6mZ0PgzVuIgjNsVjwaB11A5T7MCAl4SJS3zpUfB94XC4Uxq3QmurP8lX6dt2JhhIKwNkQjChCmEUshfnosNBUukBzCR6tTKKCk7o8htIj4lliJd9DP3rsdOWuDf/9MgaQxx89K4Tu5gi3jHZRsEeFJQr6mIyJhwaC2HJ4u/jQzCHiWE/QAE/qiJfLyV/U4Dz5vn/hFaUfY7jsMd+HtQtRYRmp7S4oJfvNn/oihtMPUD68Bk9KgcEfuwtllLN31QZ/pS91g7qwwYLZbKUOmk+RG2JdMUoIrXCYUPhRGRR867X7Pvca/Cqw/3AZ399FZRduVKfYoQkCTpMYPwkHo8LabvB5hxN2xVJrPSGryNKsoKTxx6bGuojucsW+rH0k/EGT/dYKXVFhnTOwO1lDSoCL+M+ff/tVEE77QsohoARTT+oZDoLJ7WuhPSosMPh8NayiaxiLQf2Hxf/2Fjyf6tfrhieNXi2rNS6jMdgWRoOFBZf+806g+5Dc+cPi21E4PFmZpNMNa4FtNxQvRl7vEM0SojEWRh+j6i42UCejgEBV+r7WWlhTCMYF8yXoNUo9hi0SUywU3fpUNSlFAz8aZM2mmeu3i+JpjfjzuzIOGN4eA5Rh7isEpyMKrCtOltU9hgc2SFGrF6PWoQ/ehpdjteod94JZKGg1ijhdmpevImDBYZZ16AzuxuxHAif7tduvHyq+h1SxukrHdMNXG71ZOG+yE4yxCjyFoMtV4/BgpV+6Nwr5meJ7Me/41bbawOoq+5AHuDuMiovaKLBgvEaP1QuvU6WXdYDIh+uHvkY0jsqxktymd+lRFCmqR+21jnUAHB2gfbWoQRSSyBr6Xod//GBm5oO3pDVVO5Zg4liXoNzwO4fhuHUstpZsEZ13Uv3pxyD+c7KG94XyoexYd5pm5FYodZgY8ZJ1LEyHeqxLcCfBQGVaMHN9hhQWq5RVBe2CVJvJdRMq3AfVlrG2Y3HYocMiaVqyyVexoL6+aY0ULkJdkM8avfEsHeiYUeGzTlrGIobVYRVSuUzbaOjwWByy4uksvyo2iIZ5xN5rToV2PGwV6yJJ0jqscRriUVXBz1AuzxR/Dl72KZfwFtG4Yg9Lhbu7yirW1q8sGGD1wp8SzV75Ci3zD30Rg6kyT6MRT5pQlZtTobA4aBWLCm8tlp0VSBPL5XIeuX0Tsda9uAOSQkv4KLgdxuYob1gIhzVvEWs9lQ41rFOjHnpxH/pT34cvoLFwK34DbokNCdNdBWy7se94wlFhOdZlEWvrGqnYFTQB5tcU6zjticxs+iE4k1zKQDppHK/cYakQq90ilrQ3EMuu/nmiAF2PsL/ZdP0p6vHP+0JUrxv32avBWROWaqEcOqxhnZM+WKMuKxtYT5YLpeedcA/pa82gfAh1tFyuA4bSdxLEwvBUqJUsYrEeOQOKDlXmeZCGh+elIl8lH0h5Vm2Yhg2OGhyFVa3Hg5HE7oEaa1hyfGsQVXrrFVib6kfPTllDqa7P/CYkHzAdGRXsV0G7+e1dPaVkrlYMJkK72yLW12WrNgjQoPKB01k0kr9K13DT04DxItQiNdKdmkNIx8HjIukO93Q14OqOB4+kGixhBXzXoXo5vuFv1xAH95XDDzfRjsjbUCsbi4hVA4XZISj7DvZ5wuSu7pJXwC0rcofAWsTqCT5Hh1LbooNjgoGXaftopvhVSalSz/qVQexpcCtK2IZJJzJNFiqbEuMBD7aEdS4QR+yqunKSuhaWh1J/eab4NUnl0GRooEjtpVAbcLeOSyywrV2aPk2vvMGtYQlBTepWBrpylqgF34Etn5d6gKhq5Fapv/JFg4h4KRhGa6oBnIcbdNWKvN9ZwWEFK2R6j2JpHOzXfVQ8yGt4/fYj4iNU1aD4MzDWeEDj2A+L4K7S37lB3rs1YBHrYGjvHVRHLcUaoo4/kCV71nG9sdpZ+We7PCBUGUlDu1OUsZxWsBTBqlSx6ydpVZ/lYek+RNf6OZyUeoC+sz/SNSAbnHKCnAR20uSu7iCW3QIWW6qQHFUKdbIrNgl9+2fSEQFJPauo2CIxa14vVmR/DpMRy4VARWwFSyFhj4eioV08EEvbNK9K5zwzH9xLdiY9QBHdBnWqQ/Znk0K+Y7xWrvGtYV1U+ElrCLEQTqJtYuVYKp0Q3BIrF9jjuugeUF6Y8AwydWEPeaHJ2RUFFqtY6Uuh9FtFhChuuTWbrgc2Iq1kM1xZj2s7FQ5n6HFadcw1hwlTeU+XPRgoLGApS9yeUKw4Dmd9RBbfE1jDp2FNVobUUWrVydFeRWdSVTLb53vJod94hyp+WcG6qnSR4O93F6CMxxrirYDH/5wqaCpK27U9UkW536FcIvs4Gso5WagNq2Gw/g9pVJy/IOi0GQAAAABJRU5ErkJggg==', 100),
(20, 'moe', 'moe@fakeserver.net', '123456', 'data:image/png;base64,iVBORw0KGgoAAAANSUhEUgAAAMgAAADICAMAAACahl6sAAADAFBMVEUAAABtXAZSWW6YmqIrJAPTsgXj5OgBAhMhJEa7u7x7fYWcggJMJQLyzQ0LCxM1OWXR0tsiIR5VW3sJCQb/4Q+6nQJDQ0OMnNJEPiCDbgQABCc6NSB0grNgY4X61Ay4yPxITWJWSQT/3A5MS0MbGhW/0P/09fkBAQzkwQY1OUb4zxGipK3/1xEgGwYfITlrdJLEpAKqueapjQGjst5ITHeChIs9QlNdXVl0YgaTewIvMDSGkreNmsEoLVdOQQYqKSVVWoMBBSpEQTEOEBsbHCRjZYtiZG1ueJczKgIAARvL3P9BRVU6OTU6PVI6DACiiRdfUAZCRWTcuQRMUmXCpQz/6hRma4xcaZJ1hLqdqtUvMkOQnst5aBlFPRUsLTNydX2skQr+/v7pxQsPEBUfISt4gqPC0/9SUVJeYIZpWxOFcRf/3BLKzNP/4xOjiAFBNgS1mg1RU3UzLRAREQ1MQxWCjbAGCRQDCC1VTziRk5k2OkqTfAnIpwBtbXEcHjVFSVUuMT5+agYzMixlZ5BKPgUMDAsTFSRmc56vsb2JcwIHCAtJS2za3ONARHBYTAvPsA1LQx0rKytPVWtTUUkQDgpna5Ofrdrbuw2ltOM9QUspJRPq7PMWGB+7nwwkJjKukxaSnsUsLkL10g+YptJna3liYmLJrA1cY3zhvgsUFBRdX4VjUwXtyg5iRQVZDwBeYYk8NA47PVsxM0p9iKsYFxUrLTpOU306PUweICSwkwGkigq+wMuVo8ychAoTFByWfhhxXgUhHx2qq7M8PDuIcwp5ZQIbHis/QlsmJjuJlbtEQzwvM1tbTQVyfJtSRQUiJCw7MQRpVALlwg1LTEwkJCOtvOxmXCsbGxtVTR6IipNESlxqWghBRFtTVnw4NzTMqwJKTlyZqeNoao7/8xRfaIFZOwMoJyVFOgWot+YyLyFERktUW3M8PURcX4goK0w6PmkwLy0zMzNZYHcyNUSxlwp9jMHgyRAnKTNjVApiaoTUtA0YFxgzNDvp6ekoJyr///8VBN9TAAABAHRSTlP///////////////////////////////////////////////////////////////////////////////////////////////////////////////////////////////////////////////////////////////////////////////////////////////////////////////////////////////////////////////////////////////////////////////////////////////////////////////////////////////////////////////////8AU/cHJQAAAAlwSFlzAAALEwAACxMBAJqcGAAAGGNJREFUeNrtnQ1YE2eewJNWOl3ZaM8VKnFlIG0cvcZC1Y3hpGxjSTVYWgSDi7YUWRlppy9iK7UlrZUu1boqq3gCbQ9L8YRu4A6VB1ksZT1Bu1Q+bJRjy8LDXXv34Iq1D4s9C0/3uJnJZDIzmUmGzAzSfe7fD0gCyfub//f/fRNUE38jovp/kL9hkK0jh0P/BkDST+0fGFje//1h5p2hra2tPyyQJ087LKTU7e923XMlPbF/PyHrGr//4YCkf2rJdjiy8f8cFsfG3onehv79jjoLJQOj6T8QkJF1R3EKl+CaSRzdj/+foHKJ5ej+9B8EyEiiheYgxGJx6SfbA6c4iSSQK62tV4ivH7I5CFVks8VhSZy+ILcT1+Ge3J+YfizbvzgsDRMTvd0NjY0N8dML5LPEbMqVHY46MSAR8Ym4/3/9dd32/KvTCeRD2pmzRQrh/y4POjUyfUBG67InLRSzw/Gr09MG5PA6iyM7cKk7Nl1AjmVLEYdlXe80AemXpBAcJX16gFyXZlm4SozTA2Rku0Wibe2fHiDd2RLFsv37aQHSWOeQSnJxOoD0jlqkgtQNRJxqTL+jIIcb1q4bqMuWbFx4DzbQf+yOgVzZuJ/ol7KlC9GnWByjdwik9TS31ZAGU2fZeGdATh8lG9ps2Ugsc7rvBEj6AOHlROUuH8mpOwEyioddh6U/38KKWl6l/GQ4LdtH7gBIIw7gqNu+5eGB1AXu1RI+y47G5OBBvEoa7gAIOWRwHH10yc8fdaRaFlBhdPnDp456Vu5wfLl8l4OjMl8giXcA5DThHak3h2qdpvduHnwMD8TZA7OPnQze9ijhN+RcCyd79OSFXV9bGGRclbFB+u+EadU5FljuvVyLYeCjfYXx3bi8V9MUDmoLdy13NfCploO7Ip22sD0DX1KtcLYl9eCuAUESvDe5AyDHcJPZpcYwg8GAAZ0zaHAwWQMAZsCwnJce/ubMwMDyS91xIfgdIOfBS9Rwou7gw137epd/SfX400MjIwNnHt8HCA4DyYJDUDeAJqfjvd7eIVM0Bsjb413xN785ePCbm91DTQZbyHuPnrGkphJc0wJkYs9L0cDAKzhVZW2tDgD6dlBMTUeHOjiIIAO1BSeP3Zw9e/a6OXXTwdlv1NQKcJBrd6uHUhKhL0CRYUAzGHxObZrB7S0dlk9/PeUgz+YCjB/B4F8IJlv4yccWeKXEU1enFuTJNo2QWRlEClh6b6q3ux9NnEKQ+ENtHwmowwByC4BIEPVsnjjsqGuYIpDuec80aYDgdQcdn4gE0cUt5wORw99FgPz5mfWaucIYBqz0cqU448LC559ZoFAF7Bck/fkgHfC5TnAhTKRCBEEalQdZlaHzc7VxhdSK9XZdIZ9pZTviFQeZF+33YoMOOxAdtdSzU3lA5jyuNMgD/jlsGV2io68BhBzjjVqO0+nKgvi/1mD8cql4EAM2dJC3Dras+wclQYrC/S7MebkciOcwgOjHH+P1Esv+qwqC/H6uf6O32wyTERCzxbGAj+Top6HKgeQCV42ECRkPNj6ETYoDj8Az+I3LYflQWRAs055bSlayfNfX3gYmx4EVXuJvFvFOcUQxkKdx08I09pq4yJqY1zU8LMB0FgguGTCE7r/23XtUsOltUc7ZdaRpYaAm8Ysjz55r0tg4KKCNr8oiEHS1yYMhTUtzSGmKTg4nLwOW+d5jC4RA6roVA3lwvattXXpl8+bN95x/Yl5YJlsrIFcNvPSgc4bEqItWHVlx4rmfvfbaa1/MfO6JFUeeVZ8txR/kK+NpjTQol0dOEtUg5px/z2ZSDsycH8augjVJToypifDkpgtF807MfOfF9zez5OMlBZE1Ttu+S8Ig2S0Kligv6IgQeze9nntmzgvOpGyeuPpYYY2N9ghNyIUdR9546MWFm3lkRTK2vhbE3BQCcViWpysIMmGfiwWtYq7swMxDf8oZzAzX6cIXRdsvh3UVEDyVmsGcmh0r7r5vs5C8kUOMjQbjLQpNs/2W8W22sNfYS3r/4y9WvPrHHTsOPRC6phRo1IUmdWTkjNCZ79yz2Yf8LJhMSh3ffMkYQTKGqQ7LbYUbq4KiF72XtfDAffcdWLjwSDJuU+Pl66uckR+zf+A+rm6ec4GMt7iHjg7XAI8aGuM1yojCIBNX/yp4mR8yAVfqt517h/XA3SoVR48rXIU0aPq3AVcAtjhm/6H72KVsd36UuAknAiSUAfJXtvncsyPcFbRA8BesB66oVKFsezxEdV+2nD1UIo/vaAqKTrpIFpEOy/ZexUGuHKCX8+Lbbz/EWt+RIFceAUGfse7/0W9/e56togtUwsFMRI3isAwsGcQ1CUBOPGVbtxUHuerxkTe4F/qEu/MCn/+MrasD7Jvzqa4FDMbXkQo52EVdAvVNl0oSFQeZ8KSR8yoVe70rXndf6No1H/uIWTdy3MAmMiXiIJEYMVXFMOeDAxZycqo8yFaGybANZuGrizDMNfLFxucLkzxBT/DAd9+4FHAwCQ94VWE1tTYTkSRxn9mq/IDuR0ILvO9PwKDRaIjAZcCCZnzB/1P33LhAV2QgzK2R774qTYqzVxmw0r/7mgy/ocqDfC+Q6g7885qarqGhoa6OtvJKAJxxJ3hSzubzh2M8lSUW9L8uH/nGVD5jSaWNCN9deKuFg1yZgtlvKB/JQ1sLTRnrS51O53i5PWkbUU4uHXqDkwgXng+tCQLMDpEcbeHrXtL1P21k7QzCThEg66YCZGLEy/7Ph0aGhJPlI0ZWjKWmNeXApouZd+K8O2AtvO+d5z7rCAGsSh8rOkiCrJtRCQxDvyE2gZbeJED6J6YCZOLwE6xLvfCJwmh2x4jZqtZ88sn4V5qmc3GfnXgDlxVvFalzkgGn8wJJLpDZJtvfAzsxbwIhfyDuuT01IEcuPPvGOwfeX7j5/QMfn39tZmsB5tUagtptHXF2YAOVQU3BMTE5Ick6nu7YrZHZuFmBjHNukF9JPVwjGmRRZUhB0Y5XXz3UlWSK+Ukw3xAIOAur1EPldLPOO2DBipYzQIhaDTTde9SysXWKQK6G2DCg0yxKzgzHvmpr4x9m2exhttyhjtxKX5sQTBCy5QcxlwZGfzJlW29/zATkdifeHY1vE9hsA1WRGMBudWwrqNIwRyisgXzXcjKREyBY4TjxpJG7Dk/lHuLJXPdIJ0MtMAMCVR1k3THe1jWUFHb2Vi4uZ+3qyFwGSngcDQLOdpGDs5emeFf3Ox0LhGf8aLO7UjiultLcTwpqkpKSas7ZM36jYQwowofOuEGwW+MEd8YU77OvCnJrZJzYSMAqSzHGEQiMdPYZpcxTEXy2hWlOnvGYFvFA+KGpBbntGcWByAxgqPyXp9ow956V2o57Dai97H9TlNDIAuJc5iWq/rLF7JlakOd1zNG1E4w/9a8/rnT3Ik89VQ6w8ctiNndBx+woS6rl6MNN5A/blo5kTSnIW8lM+6hyYoa2/85w25r9qR+PY1h5rpiBNrb+wUdnX5p97xA5+7MFXyyDb0wlCHvvigjCGB2DMUM54bWYuME8VnXBZDKFZeK2aKtV7y6D4dQpBCnS+Ty4ASazS4K5A8AtddyM+gQYTvvdlIGERk9uG0QUT2WbvbKpGIVhNF+1p3tqQArmGuQXQjPRfXocpB4xW617epUHmbcIMygi2GAjjEtPvNZs1mqhllaFQTKAMhwG4AJBIyCcw2xGPo1KVxLk3zWYUiDRfSgBkoUQINZuGC1Z8L1iIA8OKqUQAwgmnB2Gl0FaHARpx2/o06pHFAJ5RmdQDOTcURIEboBwwzK6voebbygC8mQQphiIbuh+cvFoNbJT21Li4kCbN8YWfy8/yPNzFePAkkeotbcjZmSYUgjcUJEAHy8OlRlkfqlyCgE57sWXtViRNApqOJu8s90oL0iYYp5ONLnfurWQrzK6vtGnLaaA4LFWGUFWOZVTCBb0FoWBq0GVh1LfZbnh0Nhu+UDaFFQIUO+l19z5y2uUkS3ugWm8ZW/KBfKSkgpJTvcseSVlWWgU7fNk8VIs14EBmRTCV+cDE60QPOT2U98Z25kgMBwhC8iqZIkKcQ24AdZWBXx4CC7XGl1fSxbDHEmRA0RKUiffXZL50XgVIW0zxrmXBHT9lHntE8noi9YPoxyQnrUygDQFalk4g7O8Td0R19VBinpbB3cqv3Qdc8loXyxZPg7Xc0Hgsi2SQeZ/hAWmC6zK3lGotpeP15JTVlwqt7FVgmXOOM4CKXaFX2OzFwgaOyIVpBALCKPW3tVhJ6e/nrfGgE/YIKBjA2vFVPooy4e9BU2VChKAiwBQ2jZkqsK8NhU47/ZZmohyFrua6N5j+1AeErhPIsgLuskqw1BeE2d3An+uhZX+vIxz1VenEiBZw7wgJSPSQJ7WTS5KjeM2dUvEbAirXPNTzoLRzmoCpHo1LwgaNVUgOEVtRlKXfRyIGXEB9WPc9VIgKSt5QUQYlxymRVCUm+JM5SIHdSDmQ+9rToLgQUvPy4HGSgIp0omiqCw3FdZkZAKR80YQfbGHB4ToQnryH4EFJEUKyJ/9NVU4hTPXVJh01glET00x54xN3vaDro7C71zWKMQBH++Vktnb5vqEwEo/qSlUZ5SCScx+scqXfsrjB+hYJ4qXjn2CIPCwFJAHgoTf0GoYjOm6bMrVgMlNsLGOugQ+JyBqE7Q9AhXi0DdflVLGzwvi2fInCqkm9ZrGvb84OXeyxRj4/Ax/gL0LL995SkbRXuKvQ5wfzNo0x6vyuZrofUXzizccg9GEM59jjI1CTPCUgIejYB3/KtEI3HHQrFRhELRd4jhovr3UoJtLrlWnqxw8+/x7fXvvhxMqUojX3L8tODqaOLARs3QQy7wVE1Oe6Sutg7DTQuvsKyPyXqcPjcCNUme/b8U980H5+vXlub9//nLrxMQwiuIXL3WMeE39pjnFxds37N17dM67hUsgKwQtqakSet8MZss5DQusdJmRLLiyfICgWTLts1PSusxVdrsaB5SSBHgjZCZEa0XI8ww8dZgz+Lf1zWX8LlIRQWyUzKn3pZGSVllBXGZMNUK0PPI71U4tKTjKEq+3x2BgPGzoZQSCoH+q5gWpJ/KhuykJxN0nDZJOZWVjGus1Et0cJApSgHEwuhArsQOCa0xVzAcyRugCjVjpCwTNkxMkinop4zVWdaoya7VMkjBA73niOXDfP1oJBvIxs4pvtX3NJEi7T430NMoHcsM9RxtltdWzrEwQXJDgKlNNkuttPKVrIK3nYTM0yrNEYw8Zg2N9gsDZ8oG4FcICQVMRDgduQYgVF+jlmt+UL+FQIiXexS254eMPBF0pG0irew3X8pkVbD7EBbEi5p1m4l8rotKyHzQjXi6NjmWJAYHLrssF4gk5RkavWtai5YJAbjQCifMYMua13L7jsBgQH3FrkiCeF2JELWKbRstdrNuccMf3esxrwpDWD4sC8RG3JgfyrqcY7avwDG7HVFwQfPVmnm8FQNw1lnCn637V4zfkAYnyLL7Yk4TRCGSnl4vwKIe+o5i73D5Xq+Unj5DeKAvIjRKGe3oKVX0jn6973MUL5C+c5ZasZY8bfUiqLCApTGtN8bxmg9ULBPIFwinW0WxK00w1C9hWuywgeYwRRxqjve6eJEgep0dsLGO0iX6c5LoMIKGsRDaa5sZCJwuydhlrfl2fT6vGHwgseNxOFZhl4bnjl5RjonDW29rJgGih6vw5PYwVj47SFUKWPxD0LhlAmO2bfpPK1V/r2xcPN0C+QDhRy6ydBcPVuz17txXunWm89vQLoq+XDtLbzAr9KmJciJZFqKISIhBfUYuTR8iiEU3Lj3gEdW+xf0pP6Vb71cimq5JBFrPHNyqoQg9ntSBIfcJdKm4e0SJmukRRWc1m7woFNbaQsRYvCyAjJzH6LLcaJYP8hT31gJDihGqVdSfSmZCl8iq1VIjZJcjFzi3MstGsfbyEuhLIMOkhVisNUl/tF0QoJU4ChJ2s8iFtS5+KOPbWiZa1sN1gJ9KdVqyyEn6N9JWhPdWzEDOtISqv6/uhnarbJQmdqp0ejTCTk5BUSwW5wi7oblvNEGE/ZgR3ULxBZFxzM9KNx9esbgh6ZTSPXGDauwhCHlskGhWq2jQSR7Ti8+KtDBAfk0Za6qWChLL3mH5JNa8kCDxMOAIlVlUK2e7BJWll7umPvrlvFoGCc7hjH1HX4D+L43hAKvr8cgjN6cSDGNm96SzK7gnTwm9nxSMIBOEtIYIcq+cLm/DxFDwwIAhdd44S5mgm/vGAHBcB0rxVIgi7G7rmASGXhsLt1f35o6eN1bFCMzi0J2tsdQnqVaB5QFxjOj/Sc0MiSD1rL2kZxAYhRnV61xcfV5PxYM8xD0gizNtAC4hRIkgFCyQNotPCav8OyndhL3pAPJvrxhK/v6hfIA3k+nE9a7fCAxIVEEjZHi2dMjd6QJr9PhnaKQ1kMWfbBfIxShAjy1o8IA30IlNi0QDDlmiQfM7QmZ6SIKkBgZTM8oB09/A00MJbV9JAimUGSaNrSbN2TxndQIuw05LrkkDGBEECM600yAPySglt/8MinmxUEkiWXgikOiCQ4xCj02qmZ6LFIp4sXxJInnIgZqiCftp+Eb+aIgmkXUEQzzC45F3/v6kfk6YR9jmxWMQsNKUKAMTTROdf8w/SKQVkK3sGyNRIsVSQnSrPtRCT2vMkgcTKDJLGAGE8BWOkPLmMKBpkk/wgZtrZ++mRSkqef5CVkkCalQTZzdnxCaAjCVAjzFqrL7Ba63EPiLXFUxEGmtoD1Ig+TSoIY5fLrIXoGqVeRGova5VPIx7LCBSkJ97KmKrSqb29T+//d2/IF7WYHWKAIIzJtxlxB3e9iK6d/3RNoCDXXnGDQP1wQPIHJgidEX0cBvR4u1ECyArOpphnihIoyEYmCO0ZPSK6djRFvhJFBpB85s6DZ3rCOePCCzImBWSlngNilQhiZIBYb/PtFisDkseJJhdpEGNgIJ8yQLRQGt3srvQPEiUFZDXn2W5LBEGZmyqeQl5M1857lE40yAKur0ISQaoZIDtpb0erO/2D5EkBSeHU0o1SQaIQvqNPaFSqwiCct9qga2mQxMBAspgg2lmPuO8eDqyOFw2yu4ffxM1QY2AgK5kbj2aISrhovf9iWh8rBeTKcXYdX0ydPwkURF/BAnFPx9B2EV1BsxSQw5wW0b0BGqhpMRsShqehsf43rdBNkqbxnMGW+2gTc5Y+KbnGAtG2lFFdk//YgcaukLTRk8CeidM+kq8PjIS1g0pnkuMiQDZdkQJyPY+5FYXmuUG0LZ3wpAt54vD2KPO8xE53N7DMf8WDNksCmbi69lvPitF2xqHFhqgS0SzkrtWyivr/6mNrRNviCovXjH7LX/R4qMRjTidXbfhP995aM309zWYIgUbHKnqIRfKbmZ48P4+XmmkV9dUp+S0QhCDcIyru5iq/zG/A4zsQOCmQDxaFHXpzw7cETMIyhq+a8apPBW1JvKuzvbmsB/Yc/Se5eh4paY7N6xyLMI5umQUhKgSyal3vB2AflqDibuMUgDwNgG4wR1206j+KN2xgBh1yYcTWNAK9MmvL7sb+Ppf0J442xM+aRSoAf8xKEZi9znKSuySuaalxmf8xSqNUEB35rp3wRYNNwfuWeC2FWqEVohZO7LwTi9dq6cMEPAT0r6tck6B+v0NTtOxdqSBzGX9IL1LLuyozn2hFiNl60TU09dcioj3VEzKBuD6xwSpqfeKFSiWJzQm+OSp2T8gKkgPJDeKq5aN21/uI5WjZsAynTFkg6+UGoVSibzYa8/hRULSsLl6O47IfzGW+JR3Ryg1i3eJKOu29b3kSlocCvn/Osxfekh1E87JWdhL3GajrgzGH3tx7Pysh3b937Y7gSueE3CAGbEgru21p413Z8N1MW/hgzHeH3hze+4tvv/32F3vn9M0rihnUAVAuC0guEwTUWHfKrhKqdLyejBGfSKIZbIo59ye1Wh229PVM4u3BBt0HCoAUyA+CGxc5DVrr+oQczOujdnUvyALC+vt0IEP2sEXu+RCJ/U2hd23rnpdHIyyQKgVA8GTSTWR3oQ8ixLpkAWF9Ag8efxUAwd0kAtb3CX526pAcICkhLJDMJVolxKwqTkgRAME0J+UA2coGqbysVUQlZtXY/hABkMx5coAcYV8nLE4REOIAtGq9AEjyKllA2C6IdSgDQpAI/P1OLOgzOUAeYH+GJlBblQHBQ5fAx2uDwQdkAWF/kBvYpxzILSGQI3KAfMb+/GIQrByIwCcMg9e3ygHyJPuzDhVJ7RRIjqIgq9h/YxqUKwZiDRYAiZ6QA+RQOBtkvXIgMUI+Iri4/wPkFDv2lCX8xAAAAABJRU5ErkJggg==', 100),
(23, 'tadeo', 'tadeo@fakeserver.net', '123456', 'data:image/png;base64,iVBORw0KGgoAAAANSUhEUgAAAgAAAAIACAYAAAD0eNT6AABGQ0lEQVR42u3dd5hdR2H+8e+5/e7dXrTSqu2qW7Yk9yaDY2OqbVoChMShQ4CQ0EMgBJI8BEIxLUAMpsMvENO7iTu23Ktc1HvXapu2722/P86uLckqu3vKnHPP+3me+4gounNnjnfPvHdmzoyFiISdBbQB7UAHMBdoAZqOecWBhvH3pIDc+P8eBMbG/3cPUAC6xl/d4392AruAbeOvfUDZdMNFZPos0xUQkUmLA4uAleOvFcByYB6Q9rkuo8AOYB2wFngceAzYAhRNXygROTUFAJHgagYuBlaP/3kOkDVdqVMYAh4G1oy/7gEOma6UiDybAoBIcFQDzwNeBFwGLDVdIReUgQ3AbcAfgFuxpxxEREQibRHwAeBm7GH1coW/RoCbgPcDC01ffBERET/NA94N3AWUMN8pm3w9CfwrdhASERGpOLXA24F7Md/pBvFVwl4v8Lfj10pERCTUzgG+DvRjvpMNy2sYuAG4wvR/PBERkalIAa8HHsV8Zxr216PA68avqYiISCDVYs/t78R8x1lpr/3YawUaTf9HFhERmdACfBYN8/vxOgx8GnuPBBERESNqgA8BvZjvGKP26gf+k2e2NhYREfFcFfAvqOMPwqsH+GeCv0OiiIiE3NXYh+GY7vj0Ovq1G3uxoHY3FRERV50D3In5jk6vk7/uAy4y/cMiIiLhVwt8DfuEO9Odm16TexWBr2Cv0RCRE9BwmciJvRS7859tuiKnYlkWqXSGTLaKbFWOTDZHKp0mlUqTSKZIplIkEkkSiaT972Mx4vE4AMVikXKpBEChkKdQyGNRJp3KkognGBoa5HBvN3193Rzu62Gg/zB2Pxt4u4B3Ar81XRGRIFIAEHm2GdjfIF9luiLHk0gkqKlrpLqmllxNHdU1deRqaojF4q5/VjyRYEbTTJqaZz4dGAqFPF2HDnDo4D4Ode7nUOc+Duzfw9joiOlLcyL/C/w90Gm6IiJBogAgcrQrgW8BraYrMiGdzlDfNIO6hkbqGprIVddiWf7+6sZjCVpaWmlunkk8nnjW/79cLnGo8wB7d29n354d7Nq5mcGBftOX7kj7gTcCN5quiEhQKACI2LLYm/m8E8O/F5YVo66hiaaWVhpbWqmuqTN9bZ4WjyeYMaONluZWLCt2kn9ZpvPgPrZv3ciOrRvYu2c7pfFpBoPKwH9h790Q2OEKEb8oAIjACuDHwHJTFbAsi4amFmbMnEPzzDaSyWBvfZ9KpZk5cy4N9Y1M5jYyMjzE5o1PsGHdY+zeuZVy2WgYeAL4S+yjiEUiSwFAou6vgOuxN/fxXXVNHbPmttM6aw7JVNr0tZiyXK6G2W3tZLOTv3xDgwNsXP8YTzx2P4c695uq+gDwFuz1ASKRpAAgUZXEHvJ/t98fHI8nmNE2h7a5HdTWhX8nW8uyaG5qZWbrbGLHWR9wMvv27uSJx+5n47rHyOfHTFT/89hTAgUTHy5ikgKARFEr8BPgOX5+aDqTZc78hbTN7SCRTJq+Bq5LJlPMmd1BbW39lN87OjLM2kfv5dGH1phYPHgH8GrgoN8fLGKSAoBEzXLgd0C7Xx+Yq65l3oIlzJg1h1gs5rzAgGtsaKZt9nzisamNBoC9J8GGpx7hwfvuoLvL1/54K/YTIOv9/FARkxQAJEouB34G1PvxYZlsjvkLlzBrTrvvj+2ZlkimmD93AdXV03uCoVwus3nD49x95x/p6T7kV7V7gFcCt/v1gSImReuuJFH2OuzFfp4vr09nsixYspzWtnmR6/iPZtHS3MqsWdO/DqVSiXVPPMQ9d93EQH+fH5UeBd4M/D8fL5SIEe5vHSYSPO8Cvg5MfUx6CuLxOHM7FnPGWRdQW9cY8c7fNjQ0QP9AHzXVdcfdQOhULMtiRutsVp55IalUmn37dlIqFr2scgJ4BdAP3GPmqon4QwFAKt3HgM/g8WhX66y5rDjnIlpmzo7EPP9U5PNj9PQcIpvNkU5nplVGLB6nbU47p51+NoMDh+k6dMDLKlvAC7GfDLjT/ysm4g8FAKlk/w583MsPSKczLF91LvMXLXv6oB15tnK5RE9vF/FYjFxu+of0pdMZFi9bycy2eezdvZ1Rb88fuBx7f4ibfb5cIr5QAJBKZAFfBj7o2QdYFnPaF7HinAsDtVVv0PUP9DE2OkJtbb2jKZL6hmZOX3Ue+fwYB/bv9rLKq4EGdIaAVCAFAKlEnwLe71XhmWwVK86+iNnzOjTcPw0jI8P0D/ZTV1fv6ATDeDxB+4KlzG9fzO6dWxgdGfaqyhcCdcAfDVwuEc8oAEil+TjwUa8KnzFzNivPXU1V9fSHscVeF9Df30NtTcO0Fgceqaa2nuUrzmXgcJ+XWwtfhNYESIVRAJBK8n7gk14UHI8nOG3l2XQsOZ1YXL82bigUCvT1dlFTU+d4/UQikWDR0jOorWtgx/ZNXp08eDnQC9zn/9UScZ/uZFIpXgd8DQ9W+2erqjnz/EtoaJ5huo0Vp1Qq0dvbTa66lpQLJyC2tLbRsfA0dm7f5NWUwAuBzcDjPl8qEdcpAEgleC5wAx4859/UMpNV560mM4XT7mRqyuUSvX1d5KpqSLlwImIuV8PpK86hu6uTnu5Ot6trAVcDa4Bt/l8tEfcoAEjYnQbcBFS7XfC8BUtYtuJs4hry91y5XKavr5vqXK0rISCeSLBk2UoK+TH27dnhdnXj2CHgV0CX/1dLxB26s0mYtQK3ArPcLNSyLJaecRbzFyzVbn4+KpfL9B7upra6jqQL0wGWZTG/YwlVuRq2b90IlN2sbhZ4CfAjYMjIBRNxSAFAwioJ/AY4081C44kEK86+iBmz5phuXySVy2V6e7upqXEnBAC0zppD68w5bN38lNvbCDcA52GfG+DJqkMRLykASFh9HniNmwUmkknOPO8S6ptaTLct0srlEocP91BX1+j4EcEJDY3NzO9YwuaNT1Ao5N2sbjuQA/7P/ysl4owCgITRa4HPullgKpXmzAueQ01dg+m2CfbTAf39PdTXN7u22VJ1de0zISDvagi4GFgHPGngUolMmwKAhM0K7MVXrh3rm05nOOvC55KrrjXdNjlCsVhkcLCfxvpm19Zi5HI1LFh0Gps3PkF+bMzN6r4Y++fS9ccORLyiACBhksHek921Cfrk+Dd/df7BlM+PMZofpb6uAbe2eMhW5ViwaDmbNqwln3ctBKSAPwO+g71joEjgKQBImHwRuMqtwhKJJGeef4kO8wm4kZFhYrG4o1MEj5XNVjG/Ywkb1611c03ADOzTA3VmgISCAoCExZXAF3Dpa2A8keDM8y6hVnP+oTAw0EdVtpp0OuNamVW5GmbP7WDj+sfcfDrgQuBeYIuByyQyJQoAEgYzsL9VubLZj2VZrDj7Iq32D5n+/j7q65tcezIA7IOEWma0sXHdWlzaJ8ACngd8H+0PIAGnACBh8B3gfLcKW3L6mbS2zTXdJpmicrnE0NAAjQ0trm7Q1NDYTHV1LVs3r3OryBpgNvBzA5dJZNIUACTorgT+w63C5i9YyvyFS023SaYpnx+jVC5R4/K6jRkzZzM2Nsq+vTvdKnIF8AiwwedLJDJpCgASZLXAH8b/dKxpxkyWnnG2tvcNuaGhQaqyOVfXAwDMa1/Mgf276e055FaRq4FvAa4+byjiFgUACbIvYp/B7lg2V82qc1frYJ8KMTh4mMaGFtc2CQJ7bUjHgmVs2vC4W0cJ12HvEnijocskclK6G0pQnQf8Ny6s+o/H7RX/OtK3cpRKJfL5MerqGl0tN5FIMmdeB+ueeJhSyZXt/c/DPrNiv4HLJHJSCgASRBZwAzDPjcJOW3k2Dc0zTLdJXDYyMkw2nSWTcTfY5XI15Gpq2brpKTeKs7CPrP6u/1dI5OQUACSI/gp4jxsFzZg5m44lp5tuj3hkYLCfpkZ3pwIAZrS20dPdSdehA24UNx94avwlEhju/taIOJcFPulGQelMlqVnnG26PeKhQiHP/v27PSn78he+gpraereKuxZ7l0CRwNAIgATNh4FXOC3EsixWnHsRVS5uHyvBNDQ8SG1NPcmka+dDAfZ6gJbWNtY/+bAbxdUBg8BdBi6RyHEpAEiQ1AM/xh4FcGRO+yJmz+0w3R7xycjwIE1Nra6XW1fXyPDgAAfcGWU4B/gGMOLz5RE5Lk0BSJB8EHC8OX8mW8WCJctNt0V8NDQ8RHe3Nyfxrr70RW5NBdQD7/bvqoicnAKABEUz8PduFLR4+SpX94uXcNh3YLdbj+4dJZXOcPkLHM9KTXg/oEMoJBA0BSBB8W/AZU4LaZ01V1v9RlSpVMSyYlRXu7Jx5FEaGpvpOnSA7q6DTotKAUXgFgOXSOQoGgGQIGgA3u60kFg8zoKleuQvyjoP7aVQKHhS9nMvv4pEMulGUX+HPR0gYpRGACQI3ge82Gkh7YuW0dzaZrotYlC5XMayLGqq3T0sCCCdzlDI59mze5vjooBu4G4Dl0jkaRoBENNSwLucFpLOZJnbsdh0WyQADh3aT6GQ96Ts8y+63K0Fge/G/tkXMUYBQEx7LTDLaSEdi5dr4Z8A9jkBBw/t86TsRDLJBRc/z42iZgOv8fO6iBxLAUBMe6/TAqpy1cyc7cqxAVIhug8dpFjyZi3A8hXnUFff5EZRjn/2RZxQABCTLgJWOS2kfdFpWJbjQwOlghRLRboPebMvQCwW54LVrowCnIV9WqCIEQoAYtJbnBaQq65lxqw5ptshAdTZtZ9yuexJ2aedfhaNTa48zv9WXy+KyBEUAMSUGuDVTguZt2CJvv3LceXzY/T2dXtStmXFOOf8S90o6rXYvwsivlMAEFOuAaqdFJBOZ/TtX06qq8uV43yPa9npZ5Grdtx3V+NCEBaZDgUAMeX1TguY3b7Q9XPgpbIMDvYzMjLsSdnxeIJVZ1/sRlFv9PWiiIzT3VNM6ADOd1JAPJ5g9twFptshIdDd481iQICVZ13oxjHEFwNz/bwmIqAAIGa8BnA0cT+jbY5b27JKhevu7qRcdv+QIIBMpooly1Y6LcYCXuX3dRFRABATHM95ts3tMN0GCYliscDh/j7Pyj9jlaPBrAnaFEh8pwAgfluI/fzztOVqaqmtazDdDgmRvt4uz8qeNXs+TS0znRZzPvbvhohvFADEb44PVte3f5mq3sM9lIreTAMAnLHSlf18rvbtgoigACD+c3Tqn2VZevRPpqxcKtHX3+NZ+UtOW4VlOb6dvsjXiyKRpwAgfsoBq50U0NDUQiqVNt0OCaHDHgaAXK6GOc5Hpi4Fqvy8JhJtCgDipyuwz0KfNn37l+nqP9zr2dbAAIudPw2QwQ4BIr5QABA/ORritKwYza1tptsgIVUsFhkc6ves/MVLV7ixMZWjKTKRqVAAED85OkKtrqHJjU1XJMIOH+71rOxsVY6ZbY6Ppb7cz+sh0aYAIH5pBhY5KaCppdV0GyTkBgYOe1p+e8cSp0UsBxr9uh4SbQnTFZDIuASHu/81KgCE3mD/Yfbu2kZ310FGh4cASGeraGyaQdvcDnI1tZ5+/vDwEMVigXjcm1vf/AVLufvO/3NShAVcBPzO0wshggKA+MfRqSmpdIbqmjrTbZBpKpVKbF63lr27tj1rId7QQD9DA/3s2bmVtrkdLDptpYeHPJUZHOynttabjaRmtM6mKlfN0OCAk2JWowAgPtAUgPjFUQBoaGoxXX+ZplKpxNoH17Bn59aTrsIvl8vs2bmVtQ+uoVTybtOegUHvFgJalsWceY439HP0qKzIZCkAiB/iONz+t66hyXQbZJo2r1tLT9fkT+Tr6epk87q1ntVnaMjRt/NTaps932kR56B7s/hAP2Tih8U43OBEASCcJub8p2rvrm0M9nuzYG9oeNDT/QDa5rQ7LSKHzgUQHygAiB8c7ZCSSCTIVXu7OEy8caph/xMpl8vs2bXVkzqVSyVGR4c9a3PLjFlu7Fa5wrMKioxTABA/OLqZ1dQ1YlmOHiAQQw4d3Dft9/Z2HfKsXkNDg56VbVkxZsyc7bQYx9sKipyKAoD4wdHNrLpWq//DqL+vl9GR6X/THhn2rpMe8XAEAKBlhuMdKzUCIJ5TABA/nObkzRr+D6eD+3Y5en+xWPRsrn7EQTCZjOaWmU6LWO5pBUVQABDvxQBH+6NqBCCcDu7f47iMUqnoSd28XAMA0OQ8AMzH4cZZIqeiACBem4WDEwAtyyKXqzHdBpmi3u5ORsZ3+nOiWPAmAIyNjXq610BTcysO++8s4DhFiJyMAoB4zdEh6al0hlg8broNMkW7d7izgn9sbMSzOo6NjXpWdjKZIperdlqM4w0FRE5GAUC81u7kzdlsznT9ZYpGR4Y5dGCvS2V5GADy3gUAgNp6x2f6OArPIqeiACBem+vkzZkqR/sHiQHTffb/eIY83La3kB/z9DrU1TkOAI7PFhY5GQUA8ZqjTfwzGgEIlVKpyL5d210rb7C/z7O6jo15GwBq6xwfONTsaQUl8hQAxGuO9vBNZzKm6y9TsHfnNlfn1nt7ujyra77gbQBw4Whj7X8tnlIAEK85+haTTKZM118mqVgssmPrRlfLHB4ccOVpghPV10vZjOPpK40AiKcUAMRrjr7FJFMKAGGxe8dmxkbdX7TX6dKCwmMVi3lPr0e2yvH0lUYAxFMKAOI1RxOhCY0AhMLY6Ag7t2zwpOz9u3d4Um7Boz0GJmSyjkcAHK8iFDkZBQDxmqO7oKYAwmHLhicoFAqelD3Q30dvj/sHAxWL3tR3QjqTdVqEHoERTykAiNcc9eCxmH5Eg66r8wD79+z09DO2b1rveplenTMwIRFPOi1C6Vc8pbureM3RweiWAkCgFfJ5NjzxsOef09N10LXNhSaUS94GgLjzHSwd/e6InIruruI1ZyMAln5Eg2z9Ew87OvJ3KjY+9Rh5F5/dL+HdWQAA8XjCaREKAOIp3V3Fa44CgEYAgmvn1o10unDi32SNjgzz1GMPuDZ07/kIQEIjABJsuruK1xzdBS1LJ6IGUVfnAbZufNL3z+0+dID1jz/sUgjwNgBYzkevdAqWeEoBQESmpK+niycfuc/zRXQnsn/PjvGRAG+H8EUqnQKAiExaX08Xjz2wxvNH6E7l4L7dPHr/Xb6tPxCpRAoAIjIp+/fs5NH77zLe+U/o7T7EA3fdwsF9u01XRSSUHC9TFZHKVioW2brpKXZt22S6Ks+Sz4/x5KP3s3vHFhadttKNE/hEIkMBQEROqKfrIBueeJThoQHTVTmpvp4uHrr7NuobW5jbvoimGTO1gFTkFBQAROQo5XKZnq5Odm3bRPehA66Xb1nQVFPFocPun/LX291Jb3cnqVSallmzaWlto66+iZjzTXlEKo4CgEiElctlCvk8o6PDDPb30dvdRVfnfk8X173r6gt4+UXLeP5Hvk/JoycJxsZG2bNjK3t2bCUWi1Nb30BNXQPVNbVksjky2SpS6YxnbRQJAwUAiZTB/sPs3bWN7q6DjA4PeX4mvBztwmVz+Oybn086meAfX7Wa/7zhLs8/s1Qq0tt9iN7uZx8otObW31Fb28Dc+YtYceYFNLfMNH2JRHyjACCRUCqV2LxuLXt3bTP2/HrUzWqs4Wf//BrSSfu28+/XXMaDm/Zy8yNbjdWpkM/T3XWQ7q6DrH3kHlaceQGXPu9qN7bxFQk8PQYoFa9UKrH2wTXs2blVnb8hqUScn3zkVbQ11Tz9d8lEnJ985NUsm9tsunqAPR2y9pF7+eUN3w7Mo44iXlIAkIq3ed1aero6TVcjsmKWxbff+zJWL5/3rP9ffS7DTf/xOpbOCUYIANi1cwt/uuW3pqsh4jkFAKloE3P+YoZlwfXvfil/fdnKE/6bOc213PGZN7Cyo9V0dZ+29tF7OdS533Q1RDylACAVbc8uDfubYlnw1XdeyZtecNYp/21rfTW3/ecbOHdxm+lqA/Z0wOOP3mu6GiKeUgCQitbbdch5ITJl8ViMr7zjSt5x5XmTfk9jTZZbPvV6XnrhUtPVB2DXTnOLE0X8oAAgFW14eNB0FSKnJpvmlx/7S9551eQ7/wm1VWl+9bHX8r33v4JsKmm0HYd7u41+vojXFACkYuXHxijpOX9fLWpr5L4vvoWrzl9y6n+cTMEJdut93fNW8cCX3soZ82cYa0uhkFeAlIqmzbLFa44m4C978Ssn/W9LxSLdXQfp6eqkt6uTgf4+022PlD9fvZzr3301DdXZyb2hvgn6eqBcOuE/GRrN87mf3c1nfrqGwZExA62yaG6Zydz5C5k7fxHz2heRSEx+ZOKLn/6Q8wqIeEQ/XOI1TwNAuVzmcG83+/fs5OC+XRQKen7bb21NNXz57S/mz1cvn9obZ7fD/l0wiVGavV39/Nv/3M43b3zYs+2DJyOVzrBw0XJOO+Ns5rUv4lS3UAUACTL9cInXPAkApVKJfbu3s2vbJoaHNExrQjwW4x9edgH/fs1lVGdTU3tzIgHti2HHFshP/pv9Y1v3c+3P7+F///QEYwWz0zt19Y2cc/6lnL7y3BPuHKgAIEGmHy7xmqMA8NwXvPSom2uxWGTvzq3s2raJ0dER022LpHgsxqufezr//JrncPp05+jrm6C5FfZsh+Gpnwq4r7ufr/72Ab71x4fZ32P2qOJcdS3nnP9cVp55IYnkM9MD+bExvvqFf3FavO7R4hn9cInXHAWAuoYmVp27mngiwaGD+9j01GOMTKPDEOda6nK8/opV/O2Lz2VRW6OzwuYthFQaDuwBB2s1iqUSt6/dzo/veIKf372O7n7vTjE8leqaOi69/CoWL1tJPj/Gr376HXY7f5RQ92jxjH64xGuOJ2xr6hpIpdJ0aWc237U11XDV+Uu4+oKlvODshaQSceeFZnMwe779v7s77ZcLCsUSD27ayy2PbuWWR7fxwKY9DAz7v3CwY+EyRoaH2Ld3pxvF6R4tntEPl3hN2/AFWCIeoyabpjqbYkZdjvbWehbMauCsBTO5cNkcOmY2uP+hs+ZCbvxQoIF+eyGgB0rlMvEr/83Dq+cL3aPFMzrzUrw2BFSZrsR0lX//r6arUFkSSah65kRAMhnPPipmhb7v1OpW8ZQ2AhKvbTddAQmQusajv9MmkpA0u+NfgO0wXQGpbAoA4rXbTFdAAiIWg7r6Z/99Jme6ZkGl3x3xlAKAeO3rQMlxKRJ+9U0QO84iwuqaqZdV+UrYvzsinlEAEK89DlxnuhJiWDxmD/8fT7YaLN2KjnEd9u+OiGf0Wyd+eB9wh+lKiEENLRA/wSOEMQtq6kzXMEjuwP6dEfGUAoD4YRS4ErjddEXEgGTqxN/+J9R58LhhOK0Brsb+nRHxlAKA+GUQuAqFgOhpmQmneiQvnYGqatM1NW0N8GKg33RFJBoUAMRPCgFRU1M7+Y69cZrnClQGdf7iOwUA8dtECLjXyw9pzKV5y2XLTLc12uJxaJ45+X+fyUBtvelaH+Utly2jMZf2+mMeRJ2/GKAAICYMAt1eFNzWUMUnX30ej37ylXzq1eeZbme0tbRBfIqbjTa3ghvnDbjkU+M/S5941bnMrMt69TH7UecvBigAiAkvA17iZoHJeIy3XraMuz/+Mt562TKyKe1ybVR94/Se74/FYcYc07U/SjaV4G8vP437//3lfPDKle4ciHS0q8ZfIr5SABC/VQFfdLPARa213PRPL+GTrz6PXFodv3HZqqkN/R+rKgeNLaZb8exmpRL841Wr+OOHXsTCGbVuF/8lwLMhBpHjUQAQv70DaHersKvOmsfNH76S0+foMbJASCZhpgvf4BubA7s3wBlzGrn5wy/hJavmulnsAuBtptsm0aIAIH5K4+IGJ3950UKuf8tz9a0/KOJxmDVv6vP+x2XBjNmBWxQ4oTqT5Ntvu5Q3PHeJm8V+APt3RMQXCgDipzcBbW4U9IbnLuG/XncxiVjoj3ytDPE4tM2HlIv9lwXMmGWvJwigeMzis6+9wM2nTeYArzfdLokOBQDxi4X9Dcexq86ax3++5nzT7ZEJ8YTd+aczHhRu2U8GNLeabuUJfeIvzuXF7k0HfJCjD0wW8YwCgPjlUux5Tkc6Wmr48usuJq5v/sGQSsPcDo86/wmWfZLg3A57W+GAiccs/vuNl7Co1ZWFgYuA1abbJNGgACB++RunBaQSMb7ztkupySRNt0UAcjV2p5zw6b9HOgtzF4yfGxCsAJhLJ/j6m55DMu7KLfV1ptsj0aAAIH7IAn/utJB3PG+5VvsHwcQOfzPn+n+MbywGLbNg/kI7gATIynmNvO1yV9YDvBo9Eig+UAAQPzwfcPRMV1tDFe9/yQrT7ZDqWpi30F6YZ/JLeDIFs+bCnAVQW0dQRgQ+eOUqWp3vGFgHXG66LVL5FADED45vZu96/una3c+kqmqY02E/4+/KY34uyWTsxwXnL7I3D0qZXSOQSyd45xXL3SjqMqMNkUhQABA/OLqZNVanuWb1ItNtiJ5UChqa7c61bR5kAjwqnUzaAWDeInuEomkGZHNGqvKG5yxx4wAhjQCI5wIU5aVCtQCOxu5feV6Hvv17xoK4BVYcUklIpO2OPlsVyBX3k5JK26+GZiMfX5VO8Ipz2/nWHRucFLMKaAK6jDRCIkF3VfHaWTicoH3NBY6fHpy+Ra4M50rE/MUFC5wGgBj2787NptsilUtTAOK1pU7e3FKbYdW8JtNtEJmSc9qbaap2vDeCq/sMixxLAUC85igAPGfpTKxgLPAWmTTLgkuWOt690NHvjsipKACI1xzdxM7tCN6xsCKTcd4Cxz+7rh0yIHI8CgDitVlO3rxopuvnrov4woWtgWeaboNUNgUA8Vq1kzcvaFEAkHBaMMPxz26wtjqUiqMAIF5zdBOrzWrffwmnuirHj1EqAIinFADEa45GAHJpBQAJp2rnP7sKAOIpBQAREU+UTVdA5KQUAMRrA07ePDiaN11/kWkZGCk4LaLfdBuksikAiNcc3cT6hsZM119kWvqGHf/sKgCIpxQAxGuORgC2deoeKOG05cBhp0U4LkDkZBQAxGv7nLx5037dAyWcNjsPAAdMt0EqmwKAeG2jkzc/tL3TdP1FpuWBrY5/dtebboNUNgUA8ZqjI9H+tH4/ZS2mlpApl2HNRsdf4B397oicigKAeM3Rt5hD/SM8ulNHoku4PLitk66BEafFOBo9EzkVBQDx2sNAyUkBN9y31XQbRKbkp/dvc1pECXjEdDuksikAiNcOAY87KeDn929jeMzxM9UivhgaLfCLB7c7LeYxQENf4ikFAPHDbU7e3D04yg/u2my6DSKT8t07N9IzOOq0mFtMt0MqnwKA+OFWpwV85aYnGRrVKIAE28BInq/d/JQbRTkKzSKToQAgfrgJ6HVSwL7eIa79/VrT7RA5qc/8bi0H+oadFtOHAoD4QAFA/DAC/NxpIf99yzoe39Vtui0ix/XYzi6uv3WdG0XdADhOESKnogAgfvmB0wLyxRJvvv5P9I/ogCAJloGRPG//9l0USq5sWvF90+2RaFAAEL/8CXD8PN+2zn7e9d01FN250Yo4ViyVeft37nJj61+AzcAa022SaFAAEL+UgM+5UdDvH9vFB390n+n2iFAuwwf+517+uHa3W0V+BlC6FV8oAIifvg3scaOgH9y1ib///t1uDbmKTFmxVOaDP7qPH65x7RHV3cD3TLdLokMBQPw0ClzrVmE/vmcLb/rGHVoTIL47PJznDV+/ne/d6epuvZ8Bxky3TaJDAUD8dh3geJ/UCX94bBfP++TvWLtTTweIPx7b2cXzPvU7bnRv2B9gC3C96bZJtCgAiN+GgXe6WeC2zn5e+Onf85EbHmBAowHikeGxAp/57WO85LM3sr2z3+3i3439uKyIbxKmKyCRdCPwa+ClbhVYKJW5/rb1/PrhHfzdFct5/XOWUJXWj7c4NzRa4Lt3buSrNz3FwcOePJ7/C+B3ptsp0WOZroBE1nzgUaDei8IbcmleeW4737rD2ZHq5Y03+H5hxD3Wklc7ev+bL13Kzx/c7sbe/ifSA6wCdvl8aUQUAMSoVwI/M12Jk1EACDenAcBjZeAVwK9MV0SiSWsAxKSfA18xXQkRQ76AOn8xSAFATPsAcLfpSoj47E7gw6YrIdGmACCmjQIvAR4zXRERnzwJvBw98y+GKQBIEPQBVwI7TFdExGO7sQOvNq4Q4xQAJCj2AC8EdpquiIhHdgDPQz/jEhAKABIkG4ALgbWmKyLisqeA5wCu7h0s4oQCgATNPuAydCSqVI4/AavRs/4SMAoAEkTdwJ8Bn0ZHo0p4lYEvA88Hek1XRuRYCgASVAXgn7BXS2vBlIRNH/Aa7D3+tdpfAkkBQILu18BZwC9NV0Rkkn4BrAB+YroiIiejACBhsBN7y9QrsBcKigTRVuzHWV+J5vslBBQAJExuwR4NeA/289QiQbAbe6j/dOD3pisjMlkKABI2w8CXgEXA3wJbTFdIImsz8DZgIfZivxHTFRKZCgUACatR4BvYQeBc7BvwIdOVkorXB/wAe2X/EuB6tMhPQiphugIiLnho/PUh4HLs3dYuwz5nXSFXnChhn1NxG/YU1K3om75UCAUAqSQj2HOwE/OwTWhUQJyZAXSZroSIF/TtSCpZF1B0UkCxWDLdBpkmF/7bFVHnLxVMAUAqnaPh2pGxvOn6yzSNOv9vN2q6DSJeUgCQSjfs5M0jo1rfFVajYwXHRZhug4iXFACk0jkbARjVCEBY9Q0MOS1CAUAqmgKAVDpHAaCz+7Dp+ss0dfX0Oy2ix3QbRLykACCVztFTAPs61QeElQvhTQsApaIpAEil2+fkzXsPKACE1Y69nU6L0COkUtEUAKTS7XXy5t379SUwrHbscdx/HzDdBhEvKQBIpXM0ArB+q6P8IAZt2bXfaRHbTbdBxEsKAFLp9jh585ObdKprWD25yfGBkdtNt0HESwoAUunWO3nzxu37KBQdbSYoBozlC2zc5nj0Zpvpdoh4SQFAKt1TQHm6bx4dy7vxTVJ89tj6HeQLjoJbGdhguh0iXlIAkEp3GIfTAHc95GgQQQxY4/y/2U6g13Q7RLykACBR8KSTN9/1oAJA2Nz9yEanRTxhug0iXlMAkCh41Mmb//TAU5TL055FEJ+VSmVuvcdx//2I6XaIeE0BQKJgjZM37z3Yw6Prtptug0zSg09soavX8TbAjn5mRMJAAUCiYA3g6HD439z6kOk2yCT94Q7HX95LwH2m2yHiNQUAiYJu7KcBpk0BIDx+cuO9Tot4Ch0EJBGgACBRcZeTNz/05Fa27NTOsEG3bsseNzZvutl0O0T8oAAgUXGjkzeXy2W+94vbTbdBTuEHv/yTG8X80XQ7RPygACBRcRMw7KSA7/3iDkolPQ0QVMViie//8g6nxYwArqQIkaBTAJCoGAJucVLAzr2HuGnNWtPtkBO48c5H2XOg22kxN2H/rIhUPAUAiZLfOC3gC9/9rek2yAl88bu/c6OYG0y3Q8QvCgASJb8CCk4K+L+71vL4xp2m2yHHeHzjTm5xvvnPKC6ERJGwUACQKDkA/MFJAeVymWu/pT4iaD513S/c2K3xRqDPdFtE/KIAIFHzXacF/PDXd7Jui6PzhcRFT23ezf/+/m43ivqO6baI+EkBQKLmt0CnkwKKxRIf+9L/mm6HjPv4l29w4+mMA8DvTbdFxE8KABI1Y8APnRbysz/exwOPbzHdlshb8/AGfvZHV3bt/T6QN90eET8pAEgU/RdQdFJAuVzm3Z/4jvYFMKhUKvO+T37Pjbn/AvBV0+0R8ZsCgETRNuDnTgu555GNfPMnjrYWEAeuv+Fm7l+72Y2ifgrsMN0eEb9ZpisgYsgFgONTYxrqcqy/8YvMaKoz3Z5I2d/Zy2kvfi+9hwfdKO5CdPqfRJBGACSq7gPudFpIT98g7/j4N023JXLe8fHr3er8b0Kdv0RU3HQFRAzaArzRaSHrtuxhzsxGzj59gen2RML1N9zCZ7/5a7eKeyOgnZ0kkjQFIFF3I/BCp4Xksmke+uWnWdrRZro9FW3dlj2c98p/YnB41I3ibgJeYLpNIqZoCkCi7h+BktNCBodHecU7P8vhAUcHDspJDAyN8Bd/f61bnX8J+IjpNomYpAAgUbcWcGVXn3Vb9vCGD33VjcfS5Bjlcpk3ffi/eWrzbreK/D7woOl2iZikNQAi8ADwViDltKD1W/dQBi674HTTbaoo//LF/+W6H93kVnEDwCuAftPtEjFJAUDEPgBmDJfmg//0wDpmzWjgnDO0KNAN3/7pbXzg0z9ws8iPAn803S4R0xQARGwPAC8FZrpR2O/veJilHW2csWSe6XaF2i9vfoDXffArlNybVlkLvAkX1n2IhJ0CgIithN05vBEXno4pl+E3tz7EWcvbWaInA6bl93c8wl/8/bXkC452bT5SEXg5sMt020SCQAFA5Bm7gRrgYjcKK5ZK/OQP99I+p4VVy9pNty1UfnnzA7zqHz7PWL7gZrGfxl78JyIoAIgc63bsfQFmu1FYqVzmN7c+ZK8J0EZBk3Ldj27i9R/6CgX3vvkDPAJcg8NDoEQqiQKAyNFKwF3Y88RJNwosl8v89raHyReKXHbh6ViW9t86nlKpzEe/8GM+fO3/uP0o5TB2qDtguo0iQaIAIPJsh4BO4Go3C73zwXWs3bCTqy4/h1QyYbqNgXJ4YJhX/cPn+dZPb/Wi+LcBN5tuo0jQKACIHN/D2NMA57hZ6Pqte/jtbQ9z2YWn09xQa7qNgfDExl288E2f4O6HN3hR/DeAT5huo0gQKQCInNgfgcsBV5/lO9DVx3d+djszmuoivS6gXC7zpe/9nte85wvs7+z14iPuB16N5v1FjkuTkSIn14q9R8BcLwp/5Qsu4KsffzMzW+pNt9NXO/Z08taPfp2b1qz17COAC4H9ptsqElQKACKndhb20wGejNnX1+b41Pv/ire95gpiscr+lcwXilz7rd/wia/9zK1DfY6nD7gEeMJ0e0WCrLLvNiLuuRT4A5D16gMuPnspX/jI6zl/5SLTbfXETWvW8p7/+K6bB/oczyhwJXCL6faKBJ0CgMjkXQX8HJceDzyRKy5ewec/8npWVMg2wvev3cxHrv0Rt9zzuNcfVQReC/zEdJtFwkABQGRq/hr4Hh4voE3E4/zV1Zfw/jdfxcql8023eVruemg9n7n+V/zm1of8+LgS8Hrgh6bbLRIWCgAiU/ca4Ad4PBIAYFkWL7hkJe99w1U8f/XKwK8RyBeK/OL/7ufab/+G+9du9u1jgTcA/2O6/SJhEuy7iUhwvQT4KR6uCTjW7NZGrnnZc3jzX1zO4vZZptt/lCc37eIHv/oT3/357Rw41OfnR49iD/v/wvQ1EAkbBQCR6fsz4NfYBwj5xrIszj69g6svO4erLz+Xs5a3+769cLFYYs3DG/jtbQ/xm1sfYv3WPb5+/rg+7N0a7zTx4SJhpwAg4swq4FeAsYn6thkNXHLuMlafvYxLzlnGiqXzSCbcXaIwPDLGQ09u5e6HN7Dm4Q3c9eB6uvsGTDUZYDvwMuwjnEVkGhQARJybAfwM+9lz45KJOEs62li+aA6nLZzNnJlNzGqpp21GI/W1VTTUVhOLWdTVVFEqlenrHwKg5/AAB7sOc7Crj32dPWzf08m6LXt4ctMutu0+SLFYMt20CbcDr8I+s0FERMSoFPAtoKyXp6+v48PiSxERkal6EzCA+Y6y0l59wN+Y/o8rIiJyMh3APZjvNCvldS9QmdsjiohIxUkBn8N85xn210fRqaUintAiQBFvlU1XIOR0jxLxSMx0BURERMR/CgAiIiIRpAAgIiISQQoAIiIiEaQAICIiEkEKACIiIhGkACASYKlEeH9F00k9vi8SZHrGVsRbjvYBWP/ZV/GHx3bzx7W7uGP9fobHCqbbc1J12RSXnd7Gi1bO4UUr59L+nh85LVL3KBGPJExXQEROrKk6wzWrF3HN6kWM5IvcsW4ftzy5h3s3H2TDvj5KZbP7DCViFmfMbeTixa08f8VsLlzUSiKmPlskDBQAREIik4zzwpVzeOHKOQD0DY9x/5ZO7t9ykLW7utm0r49d3YOefX48ZjGvqZplbfWcNb+J8xfO4Kz5TVSldRsRCSP95oqEVF02xfPPmM3zz5j99N8NjOTZuL+PTfsPs7dnkIP9I+zvHeLg4REO9Q9TLJXpGxqjVC5zeDhPzLKozdqn69ZVpUgl4jTXZJhZl6WlNkNrXRXzGnMsnlnH4pm1pBKa1xepFAoAIhWkOpPk7PZmzm5vNl0VEQm48C4xFhERkWlTABAREYkgBQAREZEIUgAQERGJIAUAERGRCFIAEBERiSAFABERkQhSABAREYkgBQAREZEIUgAQERGJIAUAkQCrqmsknkiZrsaUxZMpquobTVdDRE5CZwGIBFhVfQNV9Q3kR0cYHexnbHCIUqlgulrHFYvHSWVzZKprSKQzpqsjIqegACASAsl0hmQ6A41QGBthbGiIseEhCmOjRuuVSKVJZatIZXMk0mnTl0lEpkABQCRkEqkMiVSGqvpGyqUi+ZERCmOj5EftP8ulkiefa8XjJJIpkukMiXSGZDqNFdPxwCJhpQAgEmJWLE6qKkeqKvf035VKBYpjeYr5PMVigVKhQKlUoFQoQrlMaTwglEvFp8sAiMViYFnEEnFisQSxRIJ4PE48mSKeTBGLq7MXqSQKACIVJhZLEMskSGaypqsiIgGmpwBE3BcHVgBvNl2RCvBm7Gup4QcRl2kEQMS5NuCcI16XAPWmK1Uhvjn+5yDwKPDQEa+ngLLpCoqElQKAyNTUYX8jXY3d0Z8HtJquVATksK/56iP+rg94ArgLWAPcBxw0XVGRsFAAEDmxHHAWR3+7Pw2w/KpA//AoNdlwPl43ODLm9UfU8exQsI+jRwnuBHpNXwuRIPLtRiYScAngDOD88dd5wOkYnnu++LS53PiJa0IXAgZHxrjqX/+H29duN12VIvAk8ABw//jrCSCYuymJ+EgBQKLqyHn71cDFQJXpSh1P2EJAgDr/E8kDa7GnDbSeQCJLAUCi4Nh5+/OBGaYrNRVhCQEh6PxP5Nj1BPcDB0xXSsRLCgBSaYzP23sl6CEgxJ3/iWg9gVS00N8UJdIS2PP05x/xMj5v76WghoAK7PyPZ2I9wf1HvJ5E6wkkpBQAJEwWcPQivbMJ6Ly9l4IWAiLS+Z/IEPAwRy8y3Gq6UiKToQAgQdWC3cmff8SfzaYrFRRBCQER7/xP5BB2EHjgiD87TVdK5FgKABIEE/P2Rw7ld5iuVNCZDgHq/KdkG0dPHTyCvbuhiDEKAOK3iXn784ALeOZ5e21KNQ2XnD6PP/z7NVRnU75+7sDwGC/+2A+568mdpi9BWBV4Zn+C+8b/1HoC8ZUCgHitg2c6+vOJ6Ly9l/weCdA3f89MrCeYmDa4D3vkQMQTCgDipmaOnrM/D3suXzzmVwhQ5++7To5eS3A/9hoDEccUAGS6ksBK7I11Kup5ey9VZbNYFgwODbtettchwMvOv7o6R8yyONw/4EndK8yR+xPcBdyNPXogMiW6WctkxIFlHL25znmAvxPPIZNJp5k7Zxbt8+Y8/Zo9ayajY2N84WvfYv3GLa5/plchwMvOf/HCdt7/d28lk0nT23eY7Tt3P/3atHU7g4Pq206hCGzg6E2L7gc8P41Jwk0BQI7n2H3yL8JeqS8nEI/FaG1tebqjX7Kwg3lz2ojFYsf992EKAX51/ifSeaiLjVu2HRUM8nmtlTsFnXcgp6QAIDrf3oG/etXLnu70U8nklN4bhhBguvM/nmKxyP6DnWzfuZvrv/dj1+tVwY497+A+4KDpSok5CgDRUoW9Cn9ikd752LvryTR992ufc/T+IIeAIHb+x3rDOz/get0iZivP7E3wAPZTCJpziQgFgMp1vHn7c4Fg7B9bIZwGAAhmCAhD5w8KAB7QeoIIUQCoHEfO25+DPZxfb7pSQRazoORwRtSNAADBCgFh6fzBeQBIxi3yRU2Ln8Ig8ChHhwKtJ6gACgDhpHn7aajLxFjSlGRRY5L2+gTz6xO8/TfOHql2KwBAMEJAmDp/cB4AvvmyFvYNFNjRW2BTV55NXXn2DRQpq2s7Fa0nqADafjX49Lz9NNRlYrTXJ8Y7+iSLGhNUp2LOC/ZQOpXive98sych4O51u3jRR3940hAQts7fDTELZtckmF2T4OK5GQBGCmV29RXY3msHg41deQ4NFU1XNWjqsL+ArD7i77Q/QcgoAASL5u2nIZ2wmFdnf6Of+GY/uyacP9qmQkAUO/8TySQsFjclWdz0zFMdvSOl8UCQZ3tvgc3deQbHNExwjFnAVeMv0HqCwAvnXbJyHDtvvxpoMF2pIItZMLM6Tnt9kvn1CRY3JZlfl8CqoPEQv0OAOv9Tq8/EOHNmijNnPrP3VedgkU3d+adHCrb3FrSe4GhxYPn462/G/07rCQJEAcA/tdhD+RMd/XPRvP0pHW/ePhWvoN7+BPwKATHLUuc/TS25OC25OBfPtf/vYgn2D2o9wSnkePbUQR/2I4gTmxZpPYFPFAC8oXn7aQjjvP3I6CiZtDcdXDqV4j3veBOf/8o32bjF3UPh7l63i5d87P8BeHKk75KFHbzvXW/x7NqAfe2DJB7TeoJpqgOuGH9N0HoCH6hDck7z9tMQlHn7N/2y09H7Fy1o5wPv8vZbrpdPB3jBj2/+bl2Tb7/c/8MqtZ5gWrSewAMKAFOnefspCvK8vdMAAAoBRwpT5w9mAsDxaD3BtGg9gUMBuAUHmubtp2FiKH9xU5LFjclAz9u7EQBAIQDC1/lDcALAsSbWE2zustcTbO/VeoJJ6gUe5Jn1BPcC7vySV6Bg3pXNWgG8DXs+apnpygRdXSZGR32CjoYkCxrsP6uS4fmxevtvDjHm0jctP+a9gxoC/Oj8R0ZHXV0PkYpbXHd1s1+XyLGhfJltPXm29hTY1pNnW2+BvpGS6WqFwXrgZuAbwOOmKxMk4blTey8NfAH4WyDYK88MySQs2o/p7Buz4b5UH72lm7397i3KimIICGPnD9BWE+cTz2v04xJ5pnu4dFQo2N5bYKSgYYITKAFfB94LBGsFqSEKALY08AfgMtMVCYp4DObWPtPZtzckaKsOxry9m364doBbtw67WqZfK+C9eDogSm29fEGWa1ZWe32JfFUuw96BAtt7Ck+Hgl2HCxQ1UHCk24AXoxCgADDuq8A7TVfCFAtorY7T3pBgQX2SjoYE8+oSJAM6b++m3YcLfPy2HtfnVqMwEhDWb/4AlgX/dlkDc2or/0nofLHMzr4C23oKbO3Ns72nwIGBYtRXyn0N+DvTlTCt8u/wp7YCeyVpuMeyp+DYefv2hiS5EM3bu+2Hjw1w6zZ3RwGgskNAmDt/gMs7slyzqrK+/U/FYL7M9mivJygBZxLxNQHRves/4ytUcBKcmLdvb0iycLyzbwr5vL3bCqUy197dx4ZDedfLrsQQEPbOf2lzkvdfXEciptvfkbqGS2zvybOlp8D2aKwn+CrwLtOVMEm/AfAk9l7VoRePwZzaBAsa7GH8joYEs6oT6D53aqPFMl+6p4/1HoSASnpEMIyP+h1V/6Yk772ojkxCvxSnUirDvgF76mBbT4GtPXl2V9Z6gqeA001XwiT9FtjbS2ZNV2I6wvS8fRiEPQSMjI7yuS9fz+Zt2z0pf1HHfD7wD28L7WiGOn/nKmx/gmGgynQlTKr8FTCnForOvypp0V6fZHGTvU/+woYENWkN5bspHbd490V1noSAzVu387mvXO9pCLAsi1jcu5+Jcrns6R5r6vyD78jzDi5tt887GC6U2T1+3sHm7jwbu/JhWU8Qinu/l/TbEMBtI4+3T35bTUL/sXwSxpEAv6YAwlh/df7+e9Z5B115BvOBu9VCxPvASDd+nNGfyuPtkz+vTvP2poUpBPi9CDBM9VfnHxzHnnewradAoWQ8FET6ByPSjR/n60+g5u3DIwwhwNRjgGGovzr/YDvueoJ+3/cniPQPR6QbP86znzfN24dfkEOA6Y2Aglx/df7hZGA9QaR/QCLd+HGuBIB03GJevebtw8wCUskEqWSSVCpOOplkb2cPo4Uyn7+nj01dwdknIOxbAXtZ/8VNSd53UR3phEVbSwOj+TxjY0XG8nnG8oXgLfqRk/J4PUGkb9GRbvw4Rz9JbzyrhgUNCWbVaN4+bBLxGOlUcrzTT5BKJJ911sHO/YeAYI0EmP7mH+T6H/vNf97Mo0/7K5fLFAolxgoFxvIFOxzkC6YvoUxBqQz7+u2zDr7zSL/T4iJ9145048c5CgBBPU9cjhaPxZ7p6JMJ0qkEMevU0zETAQCCEQKC1vkHqf7HG/Y/NgAcT6lcJj8eCOxXkXxBoSAM3vTLTqdFRLoPjJuuQAD8q5M3v2xZznT95RhWzCKVSFCVSVOby9JQW01ddRW5bJpMKkkyEcea5LGGfQNDT//vRMzi3NlptnTnOTTk7rxkd08v6zdt5fyzV5FIHH97jqB2/kGo/4nm/OuqT73Pi2VZJOL2lE9VJk1NVYaaqgyZVIpEIk7MsiiVS2Hd7Kai/Wr9kNMi/s10G0xSAFAACDULi2QiQVUmRU1VlvrqHA21OaqrMmTTKZKJBDEHZxgfGQDAXAgIcudvuv4nW/A3mQBwPJZlkUjEyaSS5LJpanNVVGczZNJJEokY5TKUyqHY7KaiKQA4owCgABAqiXiMbCZFdVWGuuoqGuqqqRnv7FPJBHGXd8I7NgCA/yEgDJ2/qfqfarX/dAPA8cRiFslEnEzK/vmrzWXJZTKkU0kScftWWiwpFPhJAcAZBQAFgMCKx2JHfAPL0liXozZXRVUmTTpp33S9nsA7XgCA8RDQlmZjV57uYfdDwMbN2zjvnFUUikU+/5VvsmHzVo9bGr76T6z2P9mjfm4GgGNZlkU8bq8tyabtUFCTy5LNjIfRWAywKCkUeEYBwJlIL4AYp0WAAWDFLJLj87D2Ir0kCQ/3tZ+sIxcBHo/XjwgCxh/1C2L9j3zU72QmswjQa8VS6YgFhgXG8nmK5nfAqwhaBOiMDgMS31nY86vpVMLu8BMJkslwDkalExbvu9ibA4TC2vF7Xf+JYf9Tdf5BEY/FyKZTZNOpp/+uWLQfRRzN5xkZzZMvFLTIUHynACCee9bz9slkRcVuL08RlKNVyg5/8XiMbHw8FFRrfwIxQwFAXDXd5+3DTiHAe5XS+R+PZVkkk3GSyTi5rL2XgvYnEK8pAMi0xcYflQravL0pCgHeqeTO/0RilkU6mSSdTD79d1pPIG5SAJBJqaR5ey8pBLgvip3/iWg9gbhJAUCOq9Ln7b2Ujlu8+8I6z54OiJLJrvaPMq0nkOlSAJDIztt7ycunAyZrcVPScQBZ1pw0Wv8wrfYPCq0nkMnSXT5iYpZFKpmgpipLU10NbS2NzJ7RSEtDLXXVVWTTKXX+LpmYDljWnHRe2BRNdJ5Oma6/hv3dMbGeYOL3flZz/bN+7+M6zjRyNAJQwSYOOUkl408vJtK8vb9MrAlws/MMe/3lxE60nmA0n2d0zJ460HqCyqYAUEE0bx9MfnaiXnSeYa+/TF48HqMqnqZq/FhnrSeobAoAIZWIxUil7E4+lYyTTiSxNIQXWH4sDPRywVzY6y/Tc7z1BOVSmdFCnrF8kbF8nrGxAgWddxBKCgAhoOftzamvztE7MOhKWV4uDPRjwVzY6u/lQUBRZsUsMqkUmRRAFtD+BGGlABAwmrcPltpq+wbnWgjwYDjdz2HzsNS/rrpKAcBHWk8QTgoAhsVj9rx9OqV5+6AKcggwMWce9Pqr8w+Gk60nmAgGehTRLAUAHz3reftkkpjm7UMhiCHA5IK5oNZfnX9waX+C4FEA8Ijm7StPkEJAEFbLB63+6vzDZzLnHYzm85S0nsATCgAu0Lx9dHgSAi6s44v39rFhkp3o0uYk77kwGKvlg1J/df6VQ+sJ/KMA4FBrU53m7SPG9RCQsHj/xXX86PFBbt8+fMIbm2XBn7Vnee2KHIkATR2Zrr86/8p3ovUE0Gm6aqGmAODQkUNXEh211VnKlOkbGHKlvETM4m9WVXNZR4Y7to/wVOcYXUP2s9VNVTGWt6S4tD3DnNpg/sqaqr86/2iaWE8gzgTzbiISAnXVVVhYro0EAMypTfDXK6tNNy0U9VfnL+KMVqWJOFBbnaW+Ome6GpGjzl/EOQUAEYcUAvylzl/EHQoAIi5QCPCHOn8R9ygAiLhEIcBb6vxF3KUAIOIihQBvqPMXcZ8CgIjLFALcpc5fxBsKACIeUAhwhzp/Ee8oAIh4xHQIcKPjNF1/df4i3lEAEPGQqRDgVucZ9vqLyIkpAIh4zO9O1O3OM+z1F5HjUwAQ8YFfnahXnWfY6y8iz6YAIOITrztRrzvPsNdfRI6mACDiI686Ub86z7DXX0SeoQAg4jO3O1G/O8+w119EbAoAIga41Yma6jzDXn8RgYTpCohUsiuuW+fo/d9+ecsJ/3+mO8/a6iwAvQOD03q/6fqLRJ1GAERCKCid53RHAoJSf5EoUwAQCZmgdZ5TDQFBq79IVCkAiIRIUDvPyYaAoNZfJIoUAERCIuid56lCQNDrLxI1CgAiIRCWzvNEISAs9ReJEgUAkYALW+d5bAgIW/1FokKPAYoEWFg7z9rqLGXKT7dBRIJHAUAkwMLceYa57iJRoCkAERGRCFIAEBERiSAFABERkQhSABAREYkgBQAREZEIUgAQERGJIAUAERGRCNI+ACIeuvntp5mugojIcWkEQEREJIIUAERERCJIAUBERCSCFABEREQiSAFAREQkghQAREREIkgBQEREJIK0D0DIXXHdOkfv13PqItGl+0e0aQRAREQkghQAREREIkgBQEREJIIUAERERCJIAUBERCSCFABEREQiSAFAREQkghQAREREIkgBQEREJIIUAERERCJIAUBERCSCFABEREQiSAFAREQkghQAREREIkgBQEREJIISpisgUsl03rqIBJVGAERERCJIAUBERCSCFABEREQiSAFAREQkghQAREREIkgBQEREJIIUAERERCJIAUBERCSCFABEREQiSAFAREQkghQAREREIkgBQEREJIIUAERERCJIAUBERCSCFABEREQiKGG6AiKV7Oa3n2a6CiIix6URABERkQhSABAREYkgBQAREZEIUgAQERGJIAUAERGRCFIAEBERiSAFABERkQhSABAREYkgBQAREZEIUgAQERGJIAUAERGRCFIAEBERiSAFABERkQhSABAREYkgBQAREZEIUgAQERGJIAUAERGRCFIAEBERiSAFABERkQhSABAREYkgBQAREZEIUgAQERGJIAUAERGRCEqYroBIJbviunWO3n/z208z3QQRqVAaARAREYkgBQAREZEIUgAQERGJIAUAERGRCFIAEBERiSAFABERkQhSABAREYkgBQAREZEIUgAQERGJIAUAERGRCFIAEBERiSAFABERkQhSABAREYkgBQAREZEIUgAQERGJoITpCohUspvffprpKoiIHJdGAERERCJIAUBERCSCFABEREQiSAFAREQkghQAREREIkgBQEREJIIUAERERCJIAUBERCSCFABEREQiSAFAREQkghQAREREIkgBQEREJIIUAERERCJIAUBERCSCFABEREQiSAFAREQkghQAREREIkgBQEREJIIUAERERCJIAUBERCSCFABEREQiSAFAREQkghQAREREIsgyXYEAKJuugIiIGBHpPlAjACIiIhGkACAiIhJBCgAiIiIRpAAgIiISQQoAIiIiEaQAICIiEkEKACIiIhGkAABDpisgIiK+GzRdAdMUAGC76QqIiIjvdpiugGkKAHCb6QqIiIjvIn/vj/Q2iONWAI+iMCQiEhUl4EzgcdMVMUmdnv0DcJ3pSoiIiG+uI+KdP2gEYEIa+ANwmemKiIiIp24DXgyMmq6IaXHTFQiIIvBjoAk4BwUjEZFKU8L+5v83qPMH1NEdzwrgbcDzgPlAlekKiYjItAxhr/a/BfgGGvY/yv8H1JkAsSe05EAAAAAASUVORK5CYII=', 100);
INSERT INTO `usuarios` (`id`, `alias`, `email`, `pass`, `avatar`, `perfil`) VALUES
(24, 'frida', 'frida@fakeserver.net', '123456', 'data:image/png;base64,iVBORw0KGgoAAAANSUhEUgAAAIAAAACACAYAAADDPmHLAAAABGdBTUEAALGPC/xhBQAAAAFzUkdCAK7OHOkAAAAgY0hSTQAAeiYAAICEAAD6AAAAgOgAAHUwAADqYAAAOpgAABdwnLpRPAAAAAZiS0dEAP8A/wD/oL2nkwAAAAlwSFlzAAB2HAAAdhwBp8J46gAAJJNJREFUeNrtnXmcXEd1779Vd+29Z5/RvlmSrcXC4CW2hIR5cmyMEwwYCPgFSNgTNocQsjiPfB4hCXnBhJeXz4NAEp4hDwIEYj+DzWJblm3ZRrYlW5u1j6TRMvvSe9/l/VE93X1nkUbLTLcs/T6f1qhvd99bVedXp06dOnVK8OqFAGLAXOAa4BZgKdAGJIAwoJe+WwQywBBwCtgNPAJsB44BKcCvdYWmq5FebQgBy4C3AuuBRUATYJ9FfX0gC/QBB4HHgf8A9pWuX0YdIgncBfwU1YtdlCAvxMsFTgIPAXcC8VpX9kLh1aABIsDtwMdRqj482Rc1KTA1gWVoGJpAk6r6rudTdD1yRY+C4+P5p9X2aWAr8BXUMHFRa4SLmQASWAPcC2xEESEATQoSIZ25jTavXZBgeXuE5phJzNawdQ1dU9V3SsIfzjn0jhTZdSLFC53DHBvIMZRxJiPECPAw8AXgZS5SG+FiJUAY+CBwDzBv7IdRW2PFrBhvWt3Mytkx2uMWUVsr9/iKPEf/o66LUms4nk8q53ByqMCOrhEeeqmHXcdTpPPu2Ef5wGHgi8C3gVytG+ZscTESYBbwl8C7UIZdGfGQzs1XNvGW17SytC1CPKTj++D7/ll3TyFAIEDAcMbhlZNpfvD8SZ7Y208qN44IGeB+4L+h7I+LBhcbAZYB/wDcjBoCADA1yY1Lkrxv7WxWzo5iGxqeN4HQR8kw+qpqBCGEesnxTSIESCHIFFxePjbCPz/ZxbMHB3HcwBNclE3wCeBArRtqqriYCLAS+CfghuqL7QmLD62fy60rm4mH9IDgfd/HdT2cYpFcNk+xUMR1PXzPU+N6FQOkEAgp0TSJYRrYIQvdMNA0iSiNDQKQUjCYKfKTl3r4xhPH6B4pjC3nE8CHgFdq3WBTwcVCgGXAv1IlfAGsmRfnM7cuYOXsGEJUxnbHccllcmTSWYrFIq7jlnp9ZZyfDKPfEVKgaRqGaRCOhAiFbDRdU88uPWvb0RH+7uFDvHRsZOxtngB+h4tAE2i1LsAUMAv4OsqpA4AUcMvKZu69YzFLWiPljlwoFBkaGGawf4hMKkOxUMTzvPKNziT8wHd88DwPp+CQy+bIprM4RRdd15CaarZZSZtrFyY4PpCnsz8wG5yPckA9ipo21i3qnQBh4O9QXj0BSvh3rGnlD29bSFvcwvN9nKLD4MAQg/1D5LL5itAvhH4r3cPzPPL5AplMFtd1MUwdISXJsMG1CxOcGMxzsDdT/cslpfI/jnI11yXqmQAC+D3gU4AxevGWlc189raFNEVMXM8jPZKhv3eAbCaH703/VNz3fPK5ArlsHqlJdEMnautcMz/O4d4snX1lTSCAVcAh1JpCXaKeCXANytvWVL4wP869dyymNWFRKDoM9A0yPDiC63rn/JBzhed6ZDM5XNfFNE1iIYOVc6K8dHSk2jA0gNWooaC71g06EeqVABGU8MtGX0fC4vO/eQVL2iLksnn6egbIZmrvhS3kixQKBQzLpClus6ApxJYDg9VOowbU6uMj1OFQUK8EeCvwacAEMHXJpzYuYMPyRnIZJfxCvnB+T7iAcByXfC6PYRrMbY4Agq2Hh6gakRYCvwL217qsY1GPBGgA7kMZUQC8fmkDH1o/F69YpLenH6foTPpjIYKvmYLneuRzeSzbYmlHjJeOpegaKHuGLaAF+H/UmbtYnv8tLjg2osZ/ABIhnffeNBtLevR1D5xW+K4H3SmHUyMO3SmX/ozLDNiFZRSLDr3d/YQ0j99ZN5t4SK/++CbGOLHqAfr53+KCIgy8n6ol3ZuvbGJ5W4i+7gGKxcmHUCFgKO/yt0/00ZN2kELQHNH4w3XNtEQ1/BkiQrFQpLdnkKtnJ7l2YYJf7uob/SgC/C6wiTpaQq43DbCMqt4fs3V+Y00LuZERcrn8GX+sCcgWPfoyLj1ph6ODRYZy7oy7O3PZHPlUmrte20bUDvSxdcAVM1yc06LeCPA2oHX0zYrZUWZHIDWSOeMPfR9ChqQhXDFr0kWPvb21MRZHhlMsadS5oi0Qn9KKGgrqBvVEgBjw+tE3mhTccmUDfi6LN8WB3NIEK1qt8nvfh4f3pjiVcpAzrAY8z8fNZLhxYby8mIRyDr0ViM5saSZHPRGgA+U/B5TxNy/iUyw4U76BEHDT/DAtkYoWODxY4LvbhxnJezNOgmKhyGvaTRrCgWHgStT6Rl2gngiwEmgefdMe1YlpHv5ZWG+eD7PiBjfND5fHfd+HRw+m+cdn+ukadmZ0euj7PjHp0BoJzLabgAUzU4Izo54IsA41XwbgqlaTkH72gXaGBm9cEqU1Wul1rufzZGeGLzzaw09fSTGYVV46KaZ3PdwHbA3aowEC2NSRIVgvjiAD+DBqFoAUcPuyGAsbjSlN31TEDuRdn+0n8tz/4hBHBovjfADDeY9tJ3I835WjN+MQNiSWLlSE8KhmuMCk0CScSrtsOx7w//SgnEIzv4gxBvXiB7CpUv+GJmgIaYHuLyYQjA8UXZ/hnMeunjy/3J9mT0+edGHydi26PocGChweLPDI3hRtMZ15SYOVbTYLGwwStkbYUKTQpQg8VzC5Rhp7vZq4ixoMTF2Qd8oXl5TqnKp1w9cTAWKjbyxNEDFluVE9H/ozLkXXp+D4ZB2P3rTLwf4CnYNFjg879KQdCu548ayc38q6lfN44Nm9HO8drgoXUxphOF9gX2+Bxw9mCBuCmCWJWRoJSxK3JY0hjZaITmNYI2JKDCnQpZqlaFIFjsoqu0II0IQgGdIoRZ0TszQsLUCAOGoH02UClGCiGkQVShNYeiVUezDj8jebeulOObi+T9H1KboqfHsyxEImb1+7gs+9Yy2LOhr4yJuu5Vu/2MYPntpFV+8IrhfUEq7nM5L3Gcl7QHDmIUVJ4KW/siTk8poDwUii5ojOH61vprlk/JmaKO9BKCFEVYxDLVEvBJDVZVENXFGrru/Tn3EZyLpnvFEsbLFuxTw++Zs3sHblfMK2AZ7P6sXt/PX8jXz09mt5avdRvr95J9sOnKR3OEO+ePqppueD5/qltdwzGyVCiPJmEh/QJWOnoDp1Yn/VEwFk5Y2odp6c/odCEAmZzGmKc9vrlvCWG69kzaJ2YhFL6flRLeH5GFKyZE4TS+Y0c9faq+jqG2H/8T5e2H+CJ3Z0cqRniP6RLOlcgXzRxblAgSZCqDpNVt9aol4IULK/S2/GGHyjCztCwGDWLY/1IcvgT9/1et549ULmtyZoSUbRdQ18j0mXAT213zNsGVwxp4kr5jZz67VLuSdXYCiTp28kS99wht7hDH3DGbp6RzjSM8TJgRTDmTwFx6XguDiOSypX4GjPcLm3G5ogbkmawhqyisACMdb3EKhvLVEvBJCMJUDpne9DMqTxufXNZIs+X36yt+zflwLWr17ADasWgOOWevxZ9NoSGQSKTCHbpL0pFvQUeR6O4+F6Ho5beQFsermTu//2h2RL3sqFDQafuqmJsCFJhLRKGPoEe024rAHGlaM8Jsox3jpNQGNYw3F9YlZl6Cw6HoMjWSX0C7HeW94sEryXrkl0TWKZo1eU4yHvBIeJlohOR9xAl8HiSJQ/gDGXatrio3WrdQFKMKlqEL1kcVdD9SZBxKx84LgeQ+kxy8Righ+eK8rmfckD4I/eT/3/8MkBilUEaI3qyngd80hNqjpVQS/VueaoJwKUy6JLocbQ6l4klMa2qrqS5/v0jy4VS4HjuAyn82Tyyl6P2CbxsIWmS84qNEgIfCCVztE9lGY4U0BKQUPEpiUZJmSb4MOxvuHAz+K2DJQVAF/ZMJcJcHrYVDWI8sKp/wsBBcdnV3eeRw+k2X4iGFJ3rHeYXK7All1H+ddfbGNHZzeDqRwIaIiEWL2wjfdtXMMNy+dgGvqZNYIQnBpIcf8vt/PjLXvo7B4kky8ihSAWMlk6u4n3blzDm65dykAqWJZH9qboGipy8+Ioy1tMjNJcVpeqTlUI+D1qiXohQDNVjpGYKVWPEdCbdvn2tkGeOZKd0MX7/P4TfPirD/LAs68owQcwwPP7j/Ofz+zhrnUr+Px7NtDeGJucBELw9K4j/OE3f8Zzr3SNmwb2Dmc4dGqQzTuPcPOahRzrCWqAkyMOJ0ccnjmS5ab5Yd69JkFTWOUlsPUAAQzqJCagXggwhyoCNIVV9o7etMtXn+5j2/HcpO6XTS8fxvP90waN9I9k+aefPs+JvhG+9ok7JiaBEDy18wjvv+/H7Ovq43TI5Is89NxelT9gAqQKHj/bn6I/6/L7v9ZIwtYIGQErUKPK9V1L1MVUBBU3Xy5LS1TH9Xy+s22QF8cI39S1gJPIcb2A8DUjhJ3swEp0II1K/gjP93nwub188XubyY8NMimp/c/+88+CwhcSK95KfM4qYrOuwggnyx8pH5NfdQuBUWWf+D5sPZbl318exvX8gPGK6ngNtW700YLUGpKqCBkBtEQ09vQU2HKkEjwrBKxfuYC71q3gL/7tcboHx2y6FYLGxTey6JZ7iHYsw/chdXwnBx75OwYP/QpQSSG+89hL/NaGVfzayvkqjrz00Psf3c6ze7oqhdJN5q77Xeat/V2sZDt4HunuAxx4+Ev07HgE3w8ODy2JMH/2rtfz3U072LL7aDm92KaDaTYsDNMWGdfUi6gD1AMBDKr2/2lSEDYkjx5IBcb8dSvm863P3Imua9z34y3jCNC4+Eaufv83CbcsVp5AINq+jNjsFbz4jfcy1Pk8oIaDf3vsJWY1xsozxnSuyA+f3BVYIJq37gMsu/ML6Ha0LGwr0UG4eQEvfvO36d+7OfD8eNjibetWcPt1S3nXX/+AX+1VZEoVPLYcybKgwUCTAreirZajjMGabnGqBwKEqYoFMEvBGZ2DlT0AIVPnM2+/iXkdjfT1p4jawRmUNGwW3XIP4ZbF+F6Vevc9Im1LWbTxk2z/1gfxispn8M2fvcgDz7xStfXb51QVoax4K3PX/Y4SvldZgPJ9B7thDgvf+AmGDm/FLVQ0VNQ2sXSNWc1x/uCtN/K+L/+IXGmo2XEqx4o2C0sTZCoEmIfaK3DJEyBOlQYIGQJTF6Tyld7YEAuxfG4zeD62qRENBQlgRhqIdiwr9/wAfJ/E/NdiRhrJDZ4AIJsvcqRnaNICWfE2rET7ODWv7ucRm70CI9wQIEAsZGEbKojlmis6aIyFON6nMoeM5D0sXRAyBJkKr5tKdR+oZePXgxHYjNo9C0DMkkTNMcUaHVDxMXSNeNgKfuz7+J438fKKAN9zzyq41PfcydcUBPiuM44cHU1RTF1D2RrjJxlRUxKzAvVKUKX5aoV6IMBKqqZELRGdZEhF34yifyTLjs5uEAJdkyQjgexwFNP9DB/bPkl1BH17n6CYqlj3kZDFvI5m5s1SrzntTcpJVEJu8Djp7gMIoU14v/59mwP3A1jY1oCha4Dgmd1HKx5KIGpJkiGNhB24XxSYXevGr4ch4MbqcixvsWgIaSxoMNjfp4bHXNHhS99/klXzW1kyt5nGWNCJ5jkFDjz8P4h2XEV8zqqqT3yGOl/g8C//Ac+t6N6P//ZtfOzdv17WCvmiw0f+/Os8umUHAMXMIAce/hLh5gXYDXPU0CIABMNHt3NozP0A5rUmwNDZc/AkX/7RFvLFiu2wpsOmIaTRFg00twFcBTxQy8av9YpUCPh9lB8ATQpuXx5jYYNJ2JA8dyxbXvvv6hthy56jJMIWx/tGeGbPscCN8sPdDOzbDPhIzSQ/fJLjz/07e350L+lTlYxtbc0JvviZ97D8irkkYmES8QhNjQlMTeOnm16k6CjBZXoPMdi5FSOUQEidwkgPJ174EXt++MekTuwJPFsKwfpV8+k8McA9//QILx06Wf4sbknuXpOkLaozmPPYeixb7dcoAD9ibAzaDKLWQQmzgccoxcnHLMl/39jKkiaTguvz9ecGeGRvKuAICpk6hq4xnJl4s6jQDIxQAvApZoYCswJNk3z+43fxxx++E616fVYIRtJZ3vfZ/8V//OzZwP00M4wRTuL7HsV0P54z3mgXQCJikys6Zcu/dFveuiLO3WsSGJpgX1+BP/95dynuEFDp598AdFEj1HoImEvVZtCkrdEY0vBRiyfvvjrBQNbluWPZslGVLTjlAIyJ4LtFCqnecdc1TfL+t27g9/7rbSrfX7WV5vvEIiH+5rPvoXdgmCd+tbv8kVvI4BZOvznVBwbTwXWI0W1qd66Io2tqdbEppJG0tWoCtKI6Qc0IUOsh4LeAN1PSRKs7bNYvipTDqUKmZFWbTdGFrmGHojuxJW+ZBvFomHxhfP4AIQQdrQ187sNv4U8/+jaS8ciki0GNyRgbrlvBwFCag0dPUZggWFQIQUM8ojZ/TjJTiFmSO5bHuPs1SRK2LD9Ok4IXjuc4MVK+r4HKF/ByrQRQSwLoqBRwV41eePPyGMtbrDEqX7K6w2Z1u03E1HA8H00K8o5X/t7c9ia++cWPsmrpPBzHJRK2aW1KsHLpPD72nl/nLz5xF7+58TrCIeuMy8ENySi3rF3N+muvIhK2KTouoZBJUzLK0gWz+OA73sjH3nMrT27dzWDJ0teECgWfndC5eXGEu9ckWb8wTNiUgcfpUtA5WGRXd3n4kqjk0g9To3TztRwC4pSMPwBbF8xJGON3//hgSMFVrRbLmi0yRY/jww5/tamH3rQy2FzP46qlc3nTza/l9+7+dTLZPAhBJGQRDttq8WiqYWOeTyRkseHGVax93ZUMjWTI5vIIIYiGbRKJCIeP9QR6f0NY43Mbmpkd0wmZEq0UEDLBgiOr2m0e3DNSvUnkepRPoCYOoVoSoAVoH30TtSTNYW3SbuCVAixjlqQlqmHrEpWgG/IFh0w6Bz5EIyGikdFpYkkKZxsW5gOuh65JmhpiIGKV6wjSmVxgRdHWJS0Rjagl1R6C0zyuI6YTsyR5pzxN7Ci1RU0IUEtH0EKqlkSbwjpxW55RVr6v1gvCRkVXpDM5egdGSqF7VUK/EEp1dG/BaJcWcLJnkFSmYvRFTImpiSmVPWap7WZVSFJDh1AtCXAtVWFRSxpNQro8o8x81N7BxqpUMJlcgT0HZ8iQ9nwee3aHGmZKmJ80sKdYdtuQNAeXhm1UQExNUCsCSFSmjDIWNRrlOMAzQdcEy5qrU8H4/PgXvyKdyk6vZ0MIUukcTz1fcSxJASvaLIypll3CrHiAABLlDq8JakUAk6r5vyEFTeGpmyMCeM0suxyFC/Crlw6w5+BxkNNYJSHYsfcIO/YeKV+KWZIFDcaURxuB0nZjooRXMeb4m5lCrQhgU7UCaGiCqHVmFToK34eOmMG8RGWDbe/AMN/6j8cp5qcvHW+hUOQfv/OIsjdKWNxk0RGbWiKLUTRHdMxglHALlxgBLKqOeTO1cVGzp4UPhE3BhkWRQE/6zoObeeqFV8Ztw7kwLSV5dMvLPPT4C+VLhibYuCRC2BBnZW/apawkVQhTlR5nJlErAhjVFdYkY3vElHDDvDCLGitaoH8wxZ/d912OHuu5sEOBlBw6cpJ7v/I9+ocqOR2WNpusarfPIY+RGGvvWNRoSl5LIzCwF1CKs5u1+T4kbMmdK+KBkOunX3iFz37pfnr6hi4MCaTkZPcAn/7Lb7H15coRQGFD8raVcZJTmLoGyo3yHE6QL6AmsqgVAcoxPnDu03Xfh+vmhli3IFx1zef7Dz/D73/+Gxzp6j4/EpR6/kfu/ToPPvZ8+bIQcOvSKGs67HNORu2f9u3MoVYE8Bh146EE6frnNoMzS6uGq9orNpTrevzg4Wd45yfv4+ebt6k1fimnfmqUlBQcl4c3vcA7PnEfDzy6NXD41DWzQty5IjZ2HJ8SBKquY7SGQ40yhtVqMSgE3I2yfjE1yfpFERpC2jl1hbApuaLZZH9fgb6M4pUPHDvZz082vcjuA8eY1ZKkIR7BNA1ldFQn9xGVHC7pTI4Xdhzk3vu+y1997cccPBo8CHRFm8XHbmikJaqf08ZjIaAv4/KL/anq9YATwL9QgxPGarUWkK+ubMH1yRXPvQP4PsxLquQMX3tugJdO5srC6Rsc4dv/+QQ/3fQiK5fO4/Wvu5L1119Fe3NS7fIFsrkCJ3sGeezZnWzeupud+47SNzgSELAQqud/6LoGZsXPTfijyBY9CsF0R5lSm8w4ahURZAP/CdwCapn0TzY0c/28EOeTlkeWetf3XhrikX3p6k0YlQoLQdg2iYRtLEMHoRaTUpkc2VxhwuhhXQpuXx7l7SvjJEPnd/aAFPD4wQz3PdVXXb4HgHdQAxLUUgOUA+ccz6c77Zx3kg/PVxtL71wR57mjWXoz47OK+b5POpsnnZ16WydtyZuXx2gIaed9Aonvw76+/FhybqdGGqCWs4BtVFm/O0/lJ0z0eC43VilmKspN1ySJiF0+Pv500KQKO9eqZg9CiLOepk6GgudzbCgQaeQCOy/Arc8JtYwHeBYYpuQSPjRQZCTv0Ri+8Me7tCUj/O+P38FQOsdjLx1mx+FuhtK5cn5Ay9RJRmxWLWhl/aoFJKM2H/7qg3T1jZznk4MQAlJ5j1OpAAFSwOHpauQzoZYE6ESFQyVApYI9lXJoCp/bTOB00DTJ6kXtzGtv4J3rV5LOFcnmixQdZXAYuiRsGYRtA900OHJyIBg1fIEgULGNfcGh6SRwdBrad0qoJQF6UEesLwXIFD12nspzZcs0ucQ9X0X5SEkiYpGIjF178cuRQNN11Jjnw9OdGbLBGc8zpbaoCWoZEFIAHqJqU8TTRzIM5b3zmppUUvZWJ2+QoOvB5IMTvdSXQdfVb8rwA/c+13IN573qgFBQJ4k+SA1PFK31voBfAsdRW6U5Olikc7DA1e32WdkBgWTNwP6+QmB3cSQWwZq3AOIhyKQhlwXPrewmFhKkBnYIwhGscI5INAynVJhequDROVikLaqXffhnG3EmBOzrzXN8OCDr4yhjuGaoNQGOAs9TIkDO8dnSmWVFqz3p+T7VwvZRCUKzjsdwThlX20/k2Hw4Ta7iZePaVYtpaGoEU4dwtBQh7AV7vZBld3HSsLli4Sx2HVBhZtmi2qW0uzvP6nab1qgK7AzpKgt49fE0k5Gi6Po8fjATKBfwc+AINUStCZAHvg3cSik+cGtXlrdcFaM9pldSrRIU9kjeozvlsLM7T+dAkZ60w0DWJVXwKDh+QAjJWJj33rkB0zYqKWHkaXI1+z6WZfKBu27m8Wd3MlSK/T854vCDl4d5YPcIUVPt9m2J6CxqNLiyxaI1qhO3JLYh0SUBUggB3RmXPT0B9Z8Bvk+ND5SuNQEAngYOUIqLUwdBFGmN6qQLJWGnHXadynPoDMIeC01KPvne27npdcs5Kxej57Fx7dW8/21v4Kv/5yflJFQ+kHd88o5LX8blQF+BZ4+AqQuiZulwiWiFFC0RpSnCpmTbidxYx9Q+lAOopqgHApwCnqREAMfz+eHOYTYdStNdEvZI/szCngjhkMnGdVdjWia4Zz5roBqWbfGWjdfxjX//ZSAEfCzGkmJfX4EtnWDpKsytIaTRGtHpHCyO9f79oFT3mqJWBBCo7BhXAGuBq1FtKQBe6cnzyhRvJIGQFDRIQbsu6XI8TpTm9+lsnr0Hu5QGOFv4Hpu37g4If7GpkZSCk47HgOeT8/wJ13B9lD2Tc1x60y77xp9e6gM3o4aBp1HaoJ8axAXUggAdwAdQx8QuQGUHmdJ0VAK2FCSloEOXXGPrXBvSWWRozNYlzbrkK/1Z/rJXjdue5/Pdh57mbbfeQDwanvoOISEYGs7wyOZtgWff0xjinXGLbsfjuONxqOiyJeuwLedw0vEY9Hyy3pQ0lUBtC1+P8oYeBL4H/CvQPZPCmEkCCNTRsH8DvPZMzxaALQRJTQl7ja1zQ0hnoaExS5c0a5KYJrBGM335ag3gN6ImXx/I0VMa859+4RWeeG43b/4vr1ORGFMqqeCnm17kxV2Hy5eaNMn1IZ0GTZCQGsssjTdg8J44DHs+fa4ixYGCIsX2vMOpEilyk5NConYGXQOsBu4A/gilFWZMKDOFNwH/CMyfqBCjwm7XJVdbOteHdBaZpZ6tSeJSMJpjyfPHxJRV3Sfj+7y7a4SfpCpq95qrFvKdL3+S5VfMObMxqEl27O7kXZ/+Cjv3VTy074pbfK0jSkiICZ8rqMT55bzxpHgqW+TlvMspx2PI9cn5k5LiAPAh4NGZEMpMEWAVasqzbPSCBGYbkhtDBuvCBktMjTmjPVsK7DMIezJI4OfpIncfH6bfrXjwfu2aZfztZ+/muquvQDdHjyQdvauKDirmizz9wit85q/vZ+uOSgBokyb54ZwYa0MGUzUlJyNFT4kU+wsuj6WLPJMtcsLxxtoSO4C7gD1TfNw5YyYIEAK+VaqQuiAEH2qw+WDSZr6hESrNm89W2AGUBSpwpOBPTqX4h/5sQGDtLUnecP1K3n7r9SxbOEvlC0CFge3a38UPH3mGx57dSU9/JQu4LuBPmiN8rjmM5vnlZ5xLy1WTwgeyHhwsuvzP/iz3D+XJB22UfwE+BuTO/klnV6bpxlpU9E8jgCHg3uYwn2oMERZiyj0qgCphlw71Qxga2CayIYKM2nTv7uKjh/v58UhhHKFURpEQtmWAD7lCkeFUdlyGEQn8VtzivgUNNC+bhZfK4w2mIFfEL7pqaulVleUcWlMDUr7PF3ozfKU/S5WjsB+4DXhuOoUz3UagAN5NSfgAG8IGH2kIEZqq8APCBjStJGwDmYwg4mFEyATLQBi62n3puDR39vD3rVGSWob/O5QnV9W78oUiPf2nd8CFpeD9CZs/bQrRGDIRbQ1osyWa4yrh54v42QL+UAZvMK3eF53SamJVmc9ACheICMEfNIbZknF4KlsuVyMqZO6iJkAUNccHwBTwgWSIJk3gTKTnq8flcs/WwTKQiTAiGakStga6Fjyyc/SemsS3TTp0wZdbI7wxbPD3A1l25FyyZ5gKhoRgta3x6cYQt0VNwgj8eJjyIUZ6iYBhC9EAdDQESZEp4A+XSJErkcKrXmIeTwoPaNEE701aPJcrUqwUcSPw98CFjUypwkwQoJwONalJlplVET/VizGjwrZLwk6EEWHrzMKeSKBSIFtiON1DRHyfd8YtNkQMtudcHssU2JJx6HU98qWf2gKadcnakMH6sMFqW6NVU5tVPSHQm2Nq/WD0WWNPFhtLillVpMiVNMVgGm8oE9QUflBLXGcbNEhJd2Wm0l5qw4uWAIE9gJaAiCxNozSJCFuIhggyEUGESz3b1M9O2JNANMcRIRM/nccX0KpJbo1K3hgxSHs+ac8vr8IYqHJFpUAXyl0wqsVFxEIkwpzRND0dKUBpCtfFLzjl4cMbSOMPpJTW8Dwio1PdythoMc1nDM+EI0hU/0cAoiGKvrBVqXRDr9ood27CHgcfhG0iZzXiHjhRvq1T2n0Uk4KYrFrGrfobGJqkQM5rRpROCTuXcpR/KKiQImKr2UBHA37BxR9M4R/qhp6RsaPDtBvpM+sKFqpBteWzwDarVOr0uMC1ec34gym8nuFAxIg/5u+E8EG2xtFmNXJBESCFQFg6or0BkhG0HUfhyND53P2sMbMhYaaOtqA1KPzphKWjXTkH0Xj25zPJ5hja8tlgzsDuOd9XU9jF7WDNbJ+cWQKI8fuipxU+iKiNfvV8tPktKiIIglnE/Kr3gDB1tIVtaKvnKyN0BtfnhDbFDawXEPUQDzC98EGETLRls5Gzm/D6R/B7hvHzxcq6gCYRtoloiSMbo4ioffYJCy5SvPoJAOXtQiIRRouHYG4zvuuVTgVRWkmoA37V+wuVY/AiwKVBgFFUsjaX1O3o9eq/l4jkS7i0CDAWl5asJ0Q9nBl0GTVE/WkAUf6HgGPoYkWd16euCOB4PqcyBZzSWK0LQVt4XFbNiwYXQ33qhwACTmUK3PXQdo6l1AaKOVGL799+NbNjMzsfv5TqUz8EQOD6Pl2pPEdHcqUr4I6umNVLi73K6nPZCLzEcZkAlzguE+ASx2UCXOK4TIBLHJcJcInjMgEucVwmwCWO2jiCAv7x6muXCOqo/jNKgFHP2ER+MAF0pfIlT9mrE/VY/xklwKhvXJ9ki7Xjq8WTVyvqsf4zSgDHUz3gUkU91v+yEXiJY0Y1gK5J2pqT6JqcWAW6Hqd6B3HO59SIOkY91n9GCdDWnOT7X72HOR1N+GMSMgspOHaij7s+8WW6TvXPZLEu6frPKAE0TTK7o4m5s1sreXorLaDO1JuOUz/rBPVY/5n3A3i+qvzYlOxy+tK01xXqrP6v3u52GVPCZQJc4rhMgEscM28DyNHc/OONoNMeEnCxLRZMVtxzqf80YmbXAlyPrhN9yhc+wTSo60QfbtUc+HS+83rHRL79s63/TJVzOjEP2Fz6e9aOEF2WNlJM4Duvd1T79p2SsM/BEXQEWEeNTxU5H8xDHQ/nX36d06uz1IbThuk2ArOojJeXcW7oQbXhtGG6E+BkUcfDrQXC0/ysVxt6gHuZ5kyh/x/2SUmsYrPs2AAAACV0RVh0ZGF0ZTpjcmVhdGUAMjAxOS0wNy0wM1QxNjoyOTowMiswMTowMAFU+FoAAAAldEVYdGRhdGU6bW9kaWZ5ADIwMTktMDctMDNUMTY6Mjk6MDIrMDE6MDBwCUDmAAAARnRFWHRzb2Z0d2FyZQBJbWFnZU1hZ2ljayA2LjcuOC05IDIwMTktMDItMDEgUTE2IGh0dHA6Ly93d3cuaW1hZ2VtYWdpY2sub3JnQXviyAAAABh0RVh0VGh1bWI6OkRvY3VtZW50OjpQYWdlcwAxp/+7LwAAABh0RVh0VGh1bWI6OkltYWdlOjpoZWlnaHQANTEywNBQUQAAABd0RVh0VGh1bWI6OkltYWdlOjpXaWR0aAA1MTIcfAPcAAAAGXRFWHRUaHVtYjo6TWltZXR5cGUAaW1hZ2UvcG5nP7JWTgAAABd0RVh0VGh1bWI6Ok1UaW1lADE1NjIxNjc3NDI8lPcZAAAAE3RFWHRUaHVtYjo6U2l6ZQAyOS4zS0JClj8uAgAAAGN0RVh0VGh1bWI6OlVSSQBmaWxlOi8vLi91cGxvYWRzLzU2L1JOVGlObVkvMTk5OS9hdmF0YXJfcGVvcGxlX3BlcnNvbl9wcm9maWxlX3VzZXJfd29tYW5faWNvbl8xMjMzNTAucG5nnr1XzAAAAABJRU5ErkJggg==', 100),
(25, 'goku', 'goku@fakeserver.net', '123456', 'data:image/png;base64,iVBORw0KGgoAAAANSUhEUgAAAJ4AAADICAMAAAAujKijAAADAFBMVEUAAAA3DQWwi2kxG6wLByOfEg3Bwd84L1Tfk2gfD2yVSC1ZCg8dHiFmZmm2s7OWY0YKBQRYLif1w4aPi42Vb1kOAkyFhKFBIC9QUFkqFpR7entnUkDZGQ3d1dHVXnD09PISEhRzGQmYOEKmm48pKS10LCYzIo01HbwJATuIbVXCXTndrH9RQ4D+0pPMjmfDw8VKPC4kDbBYKxwVCQQFBAs0Gss8IRRdWVolFA0ZCk55PCZsa4W4Tl7Me1XhMRSrVDQlEoV8fJVoHwLvq3y0WjiwrKwsJ0mze1mJTTUeEDx4IQD9w46Li6IjHEHi5ecKCB1IDQkVCyu4Fw1XQjAxMTZ8WV7Lo3rPakM7O0mikIH1+/2GQypBQFQbC1qbdm18ZmKgn7AWFhnLy8z+zJr+4cT2Hw8rE8AjD6FoDxT/26SCYUq+urs+MHhOTGMxFsQtLTMnCAMWCU3su4sbIisLAUJhSG8jEnyjTzE1Mkg1HBFHIxcDAC0LCwxWGAK6lXGYUzmDg5qno6OHhIY7INJdV4hpKCyJa3J9MxyglJMYEy6ce13Fm3W8XTqHKjXvZ3w5H8XponVzERVzc4RgQkYsF5vgsoRDQkjqHg+4uMdkZHj/yJasWjsqGRB1Pj4EBBbCKRD9/PRbWmvLZT9UVGcqF4uthmUXDgsrHXDu7erY2d6Sk6MzJUtDQV6cmp/MckxHHQ+jIhESBVU5H8pBMok3HsP+/v7Tzc7vNBUsKDwdDWOhQk99Fws4LWeZTjIdEw6KO0csFa5GLyINBDByW0RrFQkODhFnNCT1vIsUCET/055mPi23VjOYfYE/NDgfFUxra3qqqr5mLh1VHgvhuIu0mH0tF6O9Z0RfXHLHFgx1c3czHLSkgmLyxJPTp30SBzxPRJErIl8vMDYyGh+knZ8iIiXXgVnLxMUaGh2whIsSBzUlJSuVk5PUUmYhEXTutYX8xpQqIxs2KyH/4qw6IcwwDSKmaUl3KzTEYj4eEEIZClV7e4hLS0wtFC51dI1OS23///9CJzAbAAABAHRSTlP///////////////////////////////////////////////////////////////////////////////////////////////////////////////////////////////////////////////////////////////////////////////////////////////////////////////////////////////////////////////////////////////////////////////////////////////////////////////////////////////////////////////////8AU/cHJQAAAAlwSFlzAAALEwAACxMBAJqcGAAAIWtJREFUeNrNnQ9c03XewBejExARj1BIfcS75URKVKDWeJShYGoo/llAjXXCT1Ekw5EHgnMNZp3C7mYGJsvj4o+kHFj83CwyfGgm7CfXcWXLwLH7I8rDPFy6p+bscM/n+9sGv40/zj8gn5f5wm1sbz7/P5/vl1c0y8MSoWUUhPbQ3imIwdB7d58br3gWYSY3k8vNZHQHjUs84EOiB8SuoHGIZ+VLEXqDEhkp4w/PEsTNzOSeowm7wc6MoIfwWQ8Xz9INfJlCGk2oB069cLzhWbqAT08D6UaGdlQgjfbI8SwMUFs34juXib5yeO7co8cLspkXDMxw5ksZIzxhUEo3kqAhSkUXQHnTSHHm6xaODd45SB2kgKM5FwoyuwgH+CgqC0oZI+OSDF1dDIQJdcJBK97cfvVZUQe+q2usfA99MESoMKWLJOwSOqHTBvgYlLgZs9CAwOR2kQhBesTj7eh9QTa+IKTKATzhmEVuCteWQUBHXQ5JDgVvlw2Phkzd/8w9l7oHSCzog8/RKID9nkWxLhke/TbVd41h3mNQKYKQlwn7rZtpB0fu159duhhjiBc0EKJIuvqjFCovN4VGMW+m7WO8M8eyanRRzGsrsyTfOUfuAfV1c4VjiBeODDqAQRpYaHM+PeVhUN+jwCPNm+LIx7B5JRVbb1dfNzdoLPEsemp0WPn01thw0CrXFrzd3JQxxRNm9ic/Ox9SFEQDFQ+pL8iK1z22DRUZllSBqA1CKdsBD2JFb8XzHls8pL4UBz49l4F8kuH4oDVmurldY4s3yI6QhrndQi41cq0+2U2+eKzxhJT63x8I3pSiayttXDJkxhwPRakTij7TOWBIlxQ+EjyhU26xNnlOGqWFk20zY+zxLPpBLGiaFNKcH+uCKvMI8MDXugapj+FEhzwSPe495niohA1SlbczHgSHEBBHNS0vGDq3ULo7exoOGoQHFcM7czSL2nSttkjU2XnpxuDFnlOc0vSD6GhCLhkxo4X3wzaCyEogSty0xDZn63KdcYSD8VBXT50qHy6eG0EYQkoIuTyrELu5wLlyMGh3F2/u6OGVYEez5CWiwiyMmL/NrXC6c+wK746HutJRmjWK0rNK5HKMyCoMubLiKDBqN1CfzhwiFAYL6q3PjQbeWUyOYXID8IXweMEiuUFLlFDNpB8UG0NJl3X3nPKw8dzS5S3XCQNm8DiRyC4sKhIRGBbC+CfDO6h/KertAl4KGbtOK48Hx7uBGeRakYgwJLZKTbzFRSI3w3ytKEif2b+DD+J2uYBHtlrdZAB3P0S8s4RBLidEP16RmqQVbPaJFTFehelnkbOj/U+mt9Ai5Opprjgfw76TIdurh4T3RLrBYJATK3JMUqmUzeM1Tk4gtNYBNzyFPMZIyXQls9D0tr46iDGwUXhwvEtaAwTGlSgeKI/XOG/+BQwjgt+wD+DnQIWZruENhDfUQUb4Q8Jzy/qx5foJcDuTiXd+3mICMxBuaFFhz3XonCWTdm+S4loOdAUv+ObkqAqp1HQe7Mr7DgytdeNZqHwIcOhgSOkaLiF2UzZaD5hYtNqnvEwVOezW1oofQzDCMLkx5gziY4xYZH1T9COla70r/YFLeNPT50+J8lqx2MPjugHTFjX+7uOPH99BTg7DWy+Pzfhn5ki1TuiKeV2rGk/czCp0g8KRTiT8mLN+xnubN2+eQRaLlGHcPy8qcYreiU7oxOrtgvpcrLnTL6RDdiGKGtfPALT3QDY/Tm6inNXjjR5geSU25gHdgGVTuhjUf9rVp39YHYvliw2XElasf49EI2UG4w3ozp3ScRD6d948Ux6tjGtXbXUeCy0C9cLB3nfX/uoeuuUNi04PwIH6JqYwGM6+jzS0qOIEC40WVsdksXlsVMe6hwzeoIeH99jWd96j4j2ONt6OjWgQV0hblHhgOpo2yCfC2Cae1xf6QYa1bza8Hx7exK1bZ1D5ZoSRK3mhg7loH50IuXSEVt1FqvWjqAp2VPMbXIZwmNjVP1S87/utiwJkh/PnPZup33FCfinYd0OhHpzQl33CY1vJZG+uPnzo3MK4a2q5F7x3Jj6+2cb23vePf/z+AqdPy23WdzW2YIXB04npKBDOX8fcLlzocgif6jDH2Hh4eGvfsTofsJ2eOKXwAqG94YjHO//GlAOYPLgI037lTdvmu+2mWxGxQN/vnWHPshtjWPcUuvcSGu9s3bp+83ubZ5xeO+WoFjUGnY5FzONsyo+EwSCCJ/TCS+nVlzqP3nzC20ZXvajRlFiRuMipu394eDu2bt36zozN6ydOOSon5NABGogN1A+7kT79X8ugsQZu0bmj6fIbT7gRIQwrXa5XFDsvd1GUF23U8CxbEd+XHxVqAU4OAn0V9cOm3zwLfbUB1b5twekGYsE2jJj+BorZvJwKdjVp3jBnvIe4xFgLeGu32eEAD2uhprMnbgYXEgZCfj2kpBNUi00vSRfpUZpurIjJHaZpgYzz0PDC3pn4zQvpdjhSfdTgPZqeUERgCS/nZ/jMvPmi3OAmlx8qo53PmXfiRxrtyIKvrLmP9XUYZWkFTV+K8K54Qa6tZnY8FXMAG6ADvG3WoECeR3ODUVPu5vOKEskm5JqFZQsSPOYdcBMuEGmJ9CIUIOxEHmWR5c3IHPnGFYl36Oq10J9d4cuZ50HY8QzIup0/0Gg/dGqDaUFuNwrTDXK340qbHDNgWQsuES0wcn4hIgg51rnhbFBeMy/GsbwJu/UjEZJ4V0/lX1O6MtqxKXgYqb4SoW+nW+fNBTdCjj5BYKJUZb9sMrRkQaSAQg0EmvSyWtIns5u9pgyqIEJvxuD7EhS8SdcK/NpniV1ww7x5V+zGNRShLwzpwTeOevG0l86GdGqxll8P0Ck/wOTkawHuRRhD4V8t37Fz2EOuE4KGUyEwdWVkXJ15OTS1zAX1xZywphQsq6jTqsOW4MkVOUeLwIwYUURRnlJ50/pSObFp04Vvi0ow4kqrtFE/zPAhJCf6QfsXwHvOp+5aQXvdsf0u4K0wXcdQ0tCKsghbdFxim76eDDELX4rWUPE2vQj2N2yahb6edTxfdCDGFHNj+OmEvFXHZXQ74+27fDnW5+q+WRPi7463aN585HxatxKbkQ3YhUYvrx8vZGEGR7xj+RC88hc39T8QuqJi3hcj7zrQ/oVcilDxrp5Ccu3YdndXrGtqwUB5If35xUBMnsb7kSC/SqAYt532LTjdJoo2X8658cYZVl7YiNO5FZCCF3DKJza/zm/SmjaVC3jNFYsR2UD2MxBHORyoFnLk+5TQOES7AMV3X83AI6fymldEmXh5Q5s2KKXbuwtde0JLtv4NFs3ynF+B37XLGZdPFahcWV02zkOZmVI5sJAP0156xiBv0UJsZAzAfAtazqIJB/DWvFlRYWJH5Q4C6yah+i+NWQFTbHiXZ4Jpr2YUhMap1rmAlzuQW2zae7Up4mm5VlRYCOEiip1lSyubUCrJCnqOgtdoep8dEzVEwJJwMJUz9KQwGGjGIu+eAt4+v4KCAr8nM+pUPa5UDukJBzqsZA4OeJB4Q0QX5Kjkhh774NgmTN6ZADqeSfG9q14mtjSm2ll35IJL3x10ziktC9HlQJolNj/WBxJfBuCtdKmwJbZQ1Gd4pjxNlvY0qiEEknSi5boBM7yIdW4LDsEcQyNKmpgzRGCEp+gz9cMVNQZpWp9YP5+Nqluu4PEqWgacD5LJFqMs7bfge/KSzs6EoqKEzpDrLS/KIVaKIDYMswZsu8JUwRsu53nDmD5U60Jj+CHbFlwrcBXvi4oDZEtsNe0vX4uQydLehmYlZF9oaCpIKPysv/5W1HldjiH3s/O9EtxqamaF0VjNzb5D1zUud/DSnpbk45Nx+OqpmVczLruGZ2m9gskNy2z19KU0mcK45QloQztDKYacdTwUGItCoKTNRE3MK6nBURVRPC/aIh4vhj18XXOuu7SfT2VkZMTmXy6IdRXPCzJzi9QDWRiZVqHAA4MhiYTk5//FB7SXcfwVe+FIjX1ZFNKS8Ot9rz7R2GqSmhKrv2YvYnvxhq9r0Ls4tC605/JR3PpdrvOpU92yrntVI5ePRRWLievSVg+U1+ZEyBSy108WtGBYy7s//f4nUl76y1/evpxqtepxn5cTtCdaW2NMUmnF14u8GpvZjtOak4nJqtHVn4BpATNTIThSr+b71JDaUwUqcBlTk60eIbVIly2TmqTLsGd+C6ZVyNL+XpMA1t32K7v8HuSnP9oQX0l9uXHe++xGkylnkRcvsXlFjO9wi15Gpi0r90cyLSl/Hxkc7T5+qpXuKoERrKWQSSRGJkc3XFNa8Z1Ha4w0kXh1IfnitKdrggHv6E+/chASkSwjoS+1VvC8pOycRTFei4YYi0gyYOoayH62EYnGvYzyXsap2NDbu6f9VlLMwXEc0DoUMqNRYx4Srxqdb/Ckph8DJSQec8LBf4Rgcu0ffzVIfv/U22temaV85bkcaVRMVAwvpznq60ElTY+4hh6IaFxU005dTb0c2r57+qsLJYHm7OwGnRmMBj4voQuGVp+0wqsx5kNJB4cJeE3Jt7dA5rOpz+qAyMBWwD++9G5daDvYFvyBzY5iU5Xm3eU98u/G0H7Iz993DbqCSakXdxeKsnFjr06lEyhIPAQYGD9kWyWN+d3naVWCQFyhMDZFtjUtfCndgG0Dop/+579APnvrs8/+5y27Cn/TvgIp3LSo2WSL2nCwJ+jsridDNEtB3eV8qGr5qdt3X3oGpTGdQB1oVNiEaWQO4YJ58GmfBvJ1GvQ6Y1NlZFNH9m8ITHv+p7d+9QdS/gv995NVgZ+99bXJFAMVtzHRprtw6Iy53i4MNzSLz6mrVyH1+aUm776UXrTFaMxW82WKAZHhQ3ig1DSt/paaTv4Uxi3RNRq6ZsJZLVHym5p9r/73f//7DzZGq/7e4oFh2TFeURV51Bk3k5JAhse7jBIfjGqhy1Vu6SVzIowa1YDySJE0DMab4q/md+Dk00bNVMDb8nbh+ZJ0w7eha9ZkQBoGxn//+w+fPQWmfcsLncWholHt3Brf9VeKaBa/U6HQzs/cGLuyR0S0nAQ8tUzhKBL+IOvOfb4Kt73M2DQ1TkNf+HT6trxCLVH0cgZku1fWXI29vO9///Lcu2+xY0ymimZW3pGBZiVcaP2NCm89I5PRPTJeOzTzsZf9Cup6eoqIXyI8jtEJT2F0CuDwudnM/hfJmu48F6hpmpOlPe+1wY0gQtxejj117BVAPB776oqoioqKHJTqwt17BKpw2r2teaCZvww1DcLjtmp/J0biaXDFIDFTCx3N5nU2vLQ7AVUaepMovahRumjDUW26/HqCSPTtt6IXolorEqWN09x369TqYiMuUXTQh032w+AlnYJ+ZWZGbPnclRfA93BZNkcyiA7vqKI4IF9B/QFkis9r/q6hp739DPYChEDuF2fdSgwYYVh2RRqTw5vyn7n1fD7f3MCUkXFmlPTe21WHDJ/8un3tsUnu+vkHtnn2Nuh0vYPVhxcz+9/WyfjQEoTu3UKXvPZLDDsgrWhclPfss19s2DDlm4/Oe/F66gW6581ms6AKt2eqpnvDa/fz2xe7z2d/2b/mtf6n3qxWCXT0IcxbLLF1CdkSpsMTTMWcJ/emyYwLj0Lh9Wg1vb+CDcJrbGRDnVjJN6vVfLOgod+NF+4q3DZ9wQ2X8a4dh6qWX1dWNiWx2Z9vVnnSFUOKjGlttwYFTrZnTbTGKIsA9Rkw4EMilcbEQJ3IUZN4An5Hf5j/OSsdZhIsqyh4gUt4z+X7+T157cnwMp7XTngzjQQfGo9p9ZpAZzxjsSpuI1Q32cK30cLMo1VqiuLZZFo92FVn9mTidj/9awlap6EbOwSRVfiDC7vl2NiMyz67yqrZt/h8HcfJdA6AkF/KnJ+W0SX15YdPQl+KV4UgvgNSVF9BEmOm+ZvNfLWuyl7CFUbPo7YFIWLE0jvPnp1+4y547fsK2mPL4uPVArWq16gYXmTQYakGPUjnpL1W8w8gQBMbjCHEssRW4KuIaV5ZD15nbijuf0/jlkMEdflrQNNnutvs9d+vP20nKkygXBBEeF0ZsRnttHMqnU6l9sRHwMPpHar4Qco1VjVkP3enSYY+XYQshxk8INtNscJ5amQDbynzn0/FsxJe+HgzkvVhtstkGCH/wSFlf3UoALougZmvEwjoI/HB1FNGl/SaHasezlFV1szBFVb1YcQzv0x4aYLav/55cwOHToFTGDlfyanKs07Kb9oOEWe8Bxp006KHpn9xY1BFATfR9ZirRsRT4OpsCV9XjDsFx/7bT6OxAw8MkXe+evHklrQIehUnkM7EHfJ3h/+rFOVh1u2023r7Mefm93yD579woQXLarxCFDrjQQ4AY/CHiAwZVQECvEHt5KFM5q22i6j3kzFfO1m8MC3CKJPhSJy8gNMz34D1668lBP2t9eqne/yPwdrGGNFRreh384n0bU547oAHgBx8cMUYqMIypjowUGd2pO8I9E+uQbGrkEVE4DKZzPFH6n9Z/bR533nYFwxEURHaqLr1nxE/fl5UktU4OeFSwor5oktYiHO7oCP5zIO8T+JJMaaxQdXkqWtyeI1Mwln+i8gmci6yYskiXo9wBsSrdrITpa0nWqwGNiSg1TORYz/AfnxtZ5bBsEL6XcjRNzGi000+qJtR8REgn+n0xjI1hdjIyTRz1M49F1Mdd/i1fiAZ3lR18qTT28g6BCujchqlrVLryZKBPLeBsLVadv3EFYQBa/FqznmzEV5AFJUsGNRsxZP+18B00I2kl5rrjJpdbat3NjjhGbOTf9G3xWiDS6uqrTt8OxB3Up7/v3iNMaYTiz0MA2FbZLftO2uLAO8Kj93czEPZBwarIXpBFclHbeeMVSo+TlXC3FJxss5ZNaC+uM9Jh5NFBO6dNGnvyTnOvue5kwe1+IqBQKeqtrpBvDDDrry3gMgjqrmxdfGFSwnglemFQ7WqAtL/qphGmVUTCk6Prkqi6ZANOPjq6Jry4kHqW37wdlUEaq/mbNz4eVXT67hzSq+fhqZJ6YkD6DYgyt4EJide+J7MyZs/nsgjsGVezdIK6XWCKLqAXddOHwqvzBq/DVV05OYdgQ09ugacybHRyWTGDn69vvL2axInB2XW7zoI5oXetF1c9Touc/Zfmad/c2IFAmxNvLL4RKIpcbHHshbihS/Xfz/j+/WPvzORfZ2Y/3VjovQE8kwtlnV06EZfZY1fqJWenp58QU+PgKnJtsaGTKJIS9P41+/U1yb3KpxTs+ri3+40RfyjvTR7UNACXbaAH5/LzjHB6GGaJ503z2Sa1xojXfw+OsPeunXi1onsEMLDqzEqJwedKmIY9sUwc4gtv5CihjLc1CuwpmGc2fv5nTt3aidM+DRpF3d1oNGBwti7ujzu6eya6OzBPQ98p4BPdrOsvGZeY05UVFSOF0KdZ/p6q1UmsosIMG6j1+TJIZi8RTR92DFJB8kFCYLrEXAabFnY2FS6ICBOjCS6L7I0IDPbIbfJmPX7xRsr4yrnRDgnTiO9AcrRoCNF1iIgXWTH+x20WitiKkwtmFsWhnUOP8WF62CwUqvhb51aIIAui9xVyBZGX6tNjhZHIxFPnTpV3HZnDtM4oEK8w3/CRvHB8j5oUhwMiweibKoa9mrW1ndAtq49jxGTW6UeEDbaLO2CEYbMMp2A5FMhQLXa3CsjB54P/JJrD11s6wO8yIvlleUXSyfVchYOlC+c7r+rra+y8ucJCqOjYVG3McIdhR2PPbYD2inRTRFv3nXIKVjJ2ZFn4DJ3lU6lUqtRmoGuDYqaLO3vytDllduTk5Z/yq0kIfv6Kn+u2wiTMYVvXc1tfZLes8O+QpDhxXxEp3Zl8Em4mfDmYgLafNHdR3RBQwPfHiSozhm3bFTeTkpODvCr6QPjgvtFRt4+plTW1TdR7Nuwumd/5cFDu3qZtmjKFqAfUR3u0mA2PaEkJKsk4awrGwT3nh6zjU+QDeqLOPmBco1PqHJWXPTUPmTbtuRQpbKtPLamyYjbEh1kSHP96sM1SV3LURsh04DqGuBN7mk14PI9lnC1nS8QZ0Z8iE7IZoWCVQ/tqiyNFvfdVh6b9OQspc9cTpWmgwmGRMtIOn9n6S/Kkw51V0Fcd3Qw6Rz+iJ73QNds+pOgxphWOlN5GHJKtLjtInieWBxZWhNQo1xTl7TLXV1v5jd4cjSQq43F/hPitu86lJT5IcQ1M7ABuV7ZKOFZBHY+elPsB8pjZFqZGhcdWV4ZoN9eHh0Xvb0yeXuS/q/+9ebnYeAOhALR2xOwN/DDfwYErNZk88ngElhGC6/MXkD4vcdnHZ+1EZQXHZmsT6pNWr1ztTiyPPnQ1NKkyuTk2tW6uZAjBZ50yZblNRebJIG7Arjr/K3fGj9qeJZ4O9+tY4cjoWCISyuTk3ZV7tL569R/XRfQV14qTtp+59PyuLbV/pAjBWb6ltuH9zZBS7o8KXMlSXe/nufSFa9wq3356ro48LjIytJyAPy0vkEn4PsvLwczxwXU3kkOCIiODli9E2bb+qdrAqpwpkIS8ddDSXP5Lua8B7iBZo3f+pUH46JLy9GfpOXFzF6mxqyaUBoZXS5G1i0t55b2iS/X7qzfXRpai4KiuCp7ddL++nrB/lHGsw0h9auTSzM2llbGla/ukECPhZt31h6EBHM4MulO7fa48vLS8sPKgtqLkz7XvK7phbr4vP/y5P0r9UmjjWeJRwbm7yw/dvxiebR4l0aSrcHxQE799tvl0QXKjcnba2vF0ZWnlNZjyI2v1ap2opaHr6v8NOmr7lHHAwUCXbtSGbddXFMeKAmEZo/OkdQHiCujNyqh2N1JhoRT7mM7yc2Ibluu9q+v5/t/+tSflsweAzyL+85ypXJNpfi4+ENJBypy2UwJJ3lqZSRUtmPJd5IOQtioauuOIbzUPrG4tHb56ls9X37yySd/Ggs8CwMsVxc563htkzG7A5q4YlzWFFlTHokO49tqk0sh5yTP3b38YKpSeZisKuLoj2afXrJkySc7xgIPPnZW3BpljU6hqcIVpAIX1qRWHiTVBa0MZMTaBnX9XFVyQVsf6qnjSvec/vJPnyz55MsxwCtA58agqe07AzlMBc6hI7ypyot+pLelVh7KrAx4rUlnrmrY7a++tbx2e2Xtv2bP/vJjwPvT6OMxyPsVSuVxHR+6U5zOIfd5kUpxvi0cDt+e9BqzQ0eX0NV8fn29v7+6ft3s2WDdT5YsGX08++Utv7l8lQaHuCBvEexVZti0tzEyqUohCWyAMc3aRECT/X+A92DWdRXvZ/sNlQn1ap2nsZhcoMhe/7vyOPK9w+K+iwEfSmQyOh2oNfYmce1pm3U/Hm08+8XBw+FqHTSnHKZ1TXZylvIgBPTxmsiDd8hbGahnxnvJTQhfteM0ad0l929dF/EO2ZVXbrH0wABsW/jhgTOVt1EuXiMuH1hI4VUknqDM8qXdut+MLp69HBzXkx20Ktt20rwlQxl7reZwzcVayroML7bukdZZHti6LuLZr0aJrQVOYDvBky0UK2NTM9qvtW2hbC5kdGtsuFuQdb8E636yZFTx2m14fyu1d/gC0rxo+D2OEqIycuHA8TPOtBoXhsd+6+4ZTTxbVjkcXTowgZCbDTxwjbLtFLqMaefD8Y7iBrVAZ51tH9S6ruEdszpen/giZUKC5KwwLtyojCPV98FeK58msDgbLT5I49qsC23B2lHE40JPokRTmricMgELeuk4su7h8uNWvjR0Wa6jI1vXQ7b/5NIHrHv69JKPd4ym7wUof7ZwfdCQVuowoUOAGANnrokssMbN08BHL+YIBAJr3kM3ZdfO/nLPY2GjW9SefBL9nTw1WnyQ0p/qYH7VGBf2KcWloTa+hTKNJrCJyax6wAHtHrVny81To6OpA5JOYG5QRMw5trGvzdrEg30lYF8FziSNqx4jPPtNrF3iuEzKgC7Q6QTFxoVTU/si61DlyPhbxp0ma/x6jiVev+hvV1KXqAJBDx/U5wMhc2rN3jlbFjbN6bVml2zBo8CzWOzaK4uPjzdDhOqKjWl7a6Kj2wI4EqPRaFsr4xzBGPreIOmOd4+PLxPwVWqzp8yoqRRH91UeotyBwAMFtsh9JHhtZYCn1kFqUZvpMryqTQz6+5yyZUZNAV/1iPAKygFPYEZtfXYPdPURH96eKm6jnKPjGoS37hHh5U8oK1PxzRAaHAnHjLrmz9vvVFEOOUg8QTWL9mjw/uyet3InnzxSIPt6vKOqCaccZljxzhxhhT0KPJ8/u0f9p95s1pk90bbberPM8XhfAHmFlZub+4CA94e3fJoXlFx+j7qBKRvyvgbC0+Ui+WbVnrW+Y4uXcWvaFFCeWdfTf3XL+doA4K0j8XJXLV26NGxM8UJVU6aReLphbuWgtCxgPctikeoD2RM2dngBGbtXNKOrZT29guKh8Xqh3fdlscJyjxzJXYrw9uwYM7wn69xfYPtDTu7hZHOGvhLWQJY0X19WLot1ZM+qVUv3rLqvtu9+8GLb1nk0zwU8XW9H9lDak3VYW3kArK5mnTny0apVs0GF9xEi94OXOuGrZU/NfZ4v0PEVQ172I9Oe/SDIN4x1hkU64Kp7t/B94fW828LbCcOGWtAxXGRQD4LCWNW2CFm1x3fU8Q7F7n63RTrNH/DUI7regPiyjpwhQ2TVqsdGG2+SePen1xNjILXozIIh0h4T1zxvcz2KBqtZrI8Q3r3lwPvAu1beo5surUicVq92Up/1VhyOe1Jcr1+BYWFWvnvS333gxe7S3dJV57Gbd/J1uoHbXzguY9KLqyDX9KINxuBPorFyrXxho4qXsfLWrVvuZWVl7ny+WmX7xRhcQed4Qq4RWKfcITvlM7msPfdYQu4d7+dYFcKLj3cvQ5O4SoB+90lR7GkWmCky5PlyGItFxsfSHaOH96QY4anikQigbVE1dGg4DQ5sfHP80N9bzXoM6GYvXTt6eL++iPDWkXjxOjO/ARzNEW6ECZJlTdBLRw8vf4IO8HoQnHu4xeKuU5v5jnDxw39zGCv3nqx7H3irge7WSlJ5todAh7bDAr6gZ+RbDSyyg3G5A7wPPBS41tgYuDujIu8LCXTxd/tuqB9kdtkzWnjXrHg9ELn308H52hrA0cJrX07yrXS/z7spVvU9Nlp4jGQdqb54y33ikdExatqzdK8D3fXc9/84zRa8O0YLD+3OHmR2DSOd77FRxHsgCUPDxzjGY41rPEs1KmwfhY1XPF/AW3rkzHjW3lKW77g2Lmvc+t4Z0vfGq/Z8yZ4vr3q8ao/E+4Y1XrVH9gTfHBmneNW5qOh+NF61Z0Ed39Lc3LDxGhq53yC8M+M1NNDCOXccGzf3G9DeeMUjF/ZHxqvvWXwRHmvctgQwDbFcPM96JHjVLJaLh1mPBI8WVl09jvFc/9j/B7r4GortwlfFAAAAAElFTkSuQmCC', 100),
(30, 'pepe', 'pepe@fakeserver.net', '123456', 'data:image/png;base64,iVBORw0KGgoAAAANSUhEUgAAAJYAAADICAMAAAA9W+hXAAADAFBMVEUAAACGeQqLg4sFGR7v4vE9NgXKtQjIvco6MzcdGgZ4eHVHWVrS0c/s1AYGCAWroqwXKSlhVwz4+Paumwf24QbruMkWGRoEJzLj1+VsZmq5r7pDRkkDDhKakpwaMjJORQbh4N+8tL0CBAl2agv9xtrbxAYJBgUNDRIRDgX/6wEeIiK5pgr26fiXiQr43AAuKQmFanNYRUvy1gGzjpwocG4CLDqhf4viscI9QULn2+lqVFsMCgTt4O9USgX09PMCMD7TyNVybHMfQUjEucUEHynd0t+ysa+SipIRDxAqJiqjnKTz3AgLCwyCe4P/8wP95AHjzAZsYgv/0eX22gD44QgYGhfTvQUlIQbCrgn3wNN+cgpRUU8iIRvTprcGChgWFhlcUwbMzMxFPQWfkRHs7Ow6OTYcHiFKRkqQfwgPEA8xMS5hYV4tLjGrq6sZFgZaVVqxngkjJCR8YmtDPkEaFRb/zeIbHBwyNjoTExTZ2dfq3ewqISN5dHrBwb8yJyvyvM4lKCYEHSNDQ0OBgX+Sc326uraMjIwrLCxKOT82OTYTEAtNUFGYmJVxWWEECwwyMzQ0LgU7PDxpXgtiTVQLSksFEhSSko/57PtcW1ybm5pPSA3m0ge0q7Vzc3Pw8O9iXmKiop8/QT7c3NxyZgokJinZzttLS0sEIyzu2QgEKjUqJQdISEbbrL3k5OT/1Op6bQ0IBwjJnq7x5fM0LgpDPArWwglaWVfNugpkY2QhHgYEKS/Dw8O+laPU1NTNws5PUE/Fsgq8vLtGUVIEBhEmKSs8NQvdyQn/+wI1OjsMERnIyMXk2eZENTqOgQxkamt8fHwGISavprGrhpRUU1Tq0glLQwu0oguqqactMjNkWgqIiIX+yd5UV1p/eYCCdQtbUgwUEgQDFRpeXGG8qgmTk5ObiwqEhISklAtsbGxVTE+smwtoaGeLfQoPEBFFSkv0vtHbxAmfnKApHyFQRwyjo6OUhQu0tLT///9UTAz6wtVHQQugjwolLTLjzAnSvQr///8sTubxAAABAHRSTlP///////////////////////////////////////////////////////////////////////////////////////////////////////////////////////////////////////////////////////////////////////////////////////////////////////////////////////////////////////////////////////////////////////////////////////////////////////////////////////////////////////////////////8AU/cHJQAAAAFiS0dE96vcevcAAAAJcEhZcwAADsMAAA7DAcdvqGQAABwQSURBVHja7Zx7VBz3dcdvBMKip0RVbAvc4OMKPUfCK5scHBPwItd2/WDMiEyPkNW4GGctt7GEvXGYTDdOVKijbXRaVsiHIiJTJcgCLwklXlCAYnSgEbLTjQ9yeETUKY/wkqlUSCJASg6o9/eb2d157s4K7OYPzzm2ZViYz9zf/d37vfd3R3DjD/KCT7A+wfoE6xOsT7A+wdJdLFuw/g8JS9xeIG6B4LVFFIXt4v8r1hsCK7GUJVeMSldFclkK/RLr1H/evV0Qzp0TBOe5jw5LJEhloyV13nTpyiZXejb+yfvwaDIhE4If3r6VVVhU4haFlcZ6Q8Dfm1ySSGDSTa66UTSbeBE/fU6UHyDRi4/g9SbW1ZWMllE2sWDlsAjTaF0YItl6SIY3drImn/Y+HENsKjpXBAsfPbkuElKQrARNFuM1/YD34QpCtmwshBr1pkdz1SWGfwTvw2gzcf9ysNYTqOz0lb68JREtFgYLvaQiceWhpMUGEG4OywlQl/5RXRTMeRNYaCpvdnr6Rwg2Cmy0WPcDlHyUUBQsMQXORYVFFvCjpiLXKOyPAms7lHnTP44ru8RkSxphnYPk9Oz0j4erznhHGmB9FirSE0fLyhI/Fq4L4LaGBWUlJLGmfGzreMAKVkCJJKZ/TFcFWMDCTYjLLXz08SF0Gbi9FutdKStA2c3dIfFCyYXE6N3+YiSsH9GUIFrPO3WjqjhENXVJFG7pjako0e9GLZZTihCj2ZafNFnpJdB/rLmIgFkXQvRJLIVTFqwQZUu/NGhXLwqpjQzDJUw3A8YYq1cZXDnHbreA5YaID+v1oj5PTsZAUhLMcPg/lxme520MN3HEep5IhPXWonwEf0+8QAsdgG1E5Ae+ikLlyEtIZbMRsJZ6y1wYuDxWsNzwcBhhWUFrmG3dg3MD/QoqdPbmWUplI2DMYpP1zZwMVrDYMhOBlEijPxT1D41t5t458dvgCmbX4TcaOU6CIlcat1hv2b/q9IJQj/V140jqlZjaBqcXOYbJffNTmVAmiZ9sL5oqfoCxhajQYEwcC1b3o5WdyIKBU9SRQgriBwcScKtx3Ozl+uACemPwO9cWAwsYtBdzGcB7s6sIelUzql09yVBs/xRh4tO4uGsjGAH+nUQIL+Vteonh1FBoLhvfBBXWwt+objOCXgLWaaBiCFRb4xKH90aT8NwAFs5lF+oulMRQG3ZP8VpTScs4bTHfZ8fonEtvvhS1n8d8mphjIkFiovfjFvNGAjqjPm8vp/aqkLm4JmvZwgKWW7WG0vL1v2QjUKEbcszu6X2Dz6xr/H0nz3A23oiKmGvOYvCKgT+JgLVfGbQo1LUxYg7VnXkEky7CZAxF6Ddvs5by9ZUG6JoOiemKYATDnYyh4wQvm+mF8M9ac/rIOzGUpYlIudapWr0oL54ZshbqUyJiBUJzHek9nspdBhTBGrO0F70Ro7ystEjcFgFauDTbMi50rkwrzmVQZIA2apVQbUf4U1ZztmVdvC0tH2KyLSiuSKmaJQlxlPaNvwNzDL88Lhv6/OjNrKEWC8Wmt0yqRPZvmeWWicUzz0SWEdmjkQsyETCfSKrsJ6uXS4VYeZG3oteoDQG6KjHwIaKAl411KjLWKPxvRKx3g7XRuxC3AtbaGBEr0bBnY9oN/Glbgu3jwEqGd6PBSnlg2WtoYRGxvtgfVe90BVzLgsvXAUTV0hVhbCWwBiNglcFno8EqgwnLId5cS/DcA+HjVrJBiRgGC+I7LdqK4FDxxXE6MvzOakMsb91oRXJFide0o2vSg4g/w6RZg7IxTM6ZgYmJ6ZY+RiueUfcb5kSptKOHjNH05bdDp0wVQeohFL/jWJt0i5HhgRy1YuS53SP6WpH0Ko40Dw82QZTHBXCMriDycJzx8gRK+pw5rBcLPLU/7i11b8VKZFpVmPHcHv0BDe69osvn8fdyjdFhibADsYhe5/o6pyamO/s4I42Kphqohzf+od2+QK8/e6IUYN2bCi4DGYhxipS6+NvTbMywYSQ1x4ojFEzfxO8y6fJk/m6iT1d08dxtp6CgSmaSrnk3dC+GuHhmQlv6oK2G8BmJUXkuzvyUzADrIkwxaRw/F4/rc+AHvX/lEbB6vZtTZ0iey7kGtQ0L6sveCk0ngh/UB3lKhQ+0r5E8OF+fEo1vsasZZqkb4MfzDnozR9cLAN/tU7mNjbsGL3xmQXdVQ/NtAcPyjCZsoZQ7hVQnjh5poeZ6FqLB8sDQjiPw3DcVd2t3Q1Ofym0a4cMFo+sFaJRDHg1bMeoOfDPB6QYaFQl1VAd32yEFXlB5zYLjOfyVttDydMKXGgyxHE5YkvgxPsSrNmIJxJ9HvxomTiIbU4zq4E6EVu3taoRQ8sZd2g/fWzC+rsIgI2PFqTaiF2CaIf2lY/L3o8aCcrvudgfhSGCXkRu67SZYdueItNw8c6vK4ytgGKniYGeOTca+K8pFZDsM7vcDsovkNTwG/7Vgdv0PjXvkU5eVHl8HI/hYtzVl7pWNFa3L34BLxqvTpMh1haZY4/JqE1mj6HeWYYGXxrwHzcEdkdC2NRosAQ4a3a4QMjdLq8Od2bJft4YNAQvPQx7daDzXrfD4OmjCrywWQWaLvCNw2zijwXJCjRFWQ4FcdfDMXijXfndSZEulH/smUL1NbepVeNbdaKxGICcdfKD9VRoN1lZBbYrx4+N06wvQImPtgFrdhsCrlP6xS8bizo+Ejkq9MLKb404UwdxIG2+TbP5sSnQKwq0J3AA9EtbmoLW0WK1UPjUoIgTP7YWy7FAfch0aawKOvfOAJMcxqmUWRIVVIKjiIxmUcqL9OsryA895RreIkwRLsvKk5PIkipRJQ2heb8mniQOgs7Xk7pN6GySPe25E5/JK37K78YYevOG3Q3EyIX6/Jh86PPipKvrHXilAYO7pJ0feZWVUjOZh+t8DqzlmiuRF0jZphiiHWdQ7cV4EYR7/ewmDdCBu3QV/rE0645Pt0s4Q23Jko/Zt3LmNKqP8/rt5ap+/YdCG64ic41rCDf8YYpX1qvPOPPGZGjY/IG7IDQ6bha1/CjagUEjaNo/deuvYGZ52hZln0Dm5MWotEtSinUjyQLv+drXw5RMJQZG+zWmSfGoE2QOlCoRT9qOLBqnbIzbPzW4Tox6UEgRd5OqBpuGizqC5NtLNaRDc3DCgrOVCRQrCNu7mSOjC7EPq7dro57dYpya5/BGWK3A5oLjQ6fPhF0a2+kpQbhlcDBVq8TbqWftvZqwMxHFl3imFL2XCqVyFTO/MZPUpqssJg2Ga0/TEaOklfLiw2zD8WNlzVX9H/OczDV3HU2Bfo0INU64BVqsi7Bi88rgI7See1HeYd87d5GwgiTnu0t7Sc1gA9nfmFGUucepzzM56KO9SQH3PDZlzTMSmGHoaE5d50yOLcHTj6iKMOfUPvHeGe+dyIMMquBJOAdxfVYh1iL3mL6qdWAEuMRaOF7DGyI807mr+/Z88m8vlLC722cjZJndUzoeqX88sHcNwudX5RkEKFvvrOhkrbU0s5brh+zeNRXa6jeNozMEk2K/fYKTw7pt6Jj8zs2h13vQiY8VUtjQupx++s4wpXVI9STGHx0RmeHZAT/D4zYvkP4odyBv3Ucjn05jd3ZGpwmGth73BHDgELxmHI9rfohZVfJszaaXgR3M788MIBytYbkn8yj3QMU3sVgdy9f2X9FFCbv4soTy1MtQfbkuw8QkB2X1MlVLIGI15zMSINqd1M56Z3vnA8F1HM+HKsuflPdAZwBpS+hamnqndnPlZcEsmTOdqjpG5Jak79/0by8a6kXI5UA1Mw11BrDRmqSllmgljrinYMsdpO4NpU/uaDacmo8b66wcCcnT3CMQxaXRjIlUbDIfrQ/MojDExqBca3f2dIfj7lcD66WoutBXrz+QiCzpuZxv085xhuLAFi268Bjerp25I42JFXhHZWi8rOt52Wz8UzZ1JSNu9Iw9gWEtFgThOCgykMNq2d64JNqoCBWmzrQzWT+MDx1HIMYz5Mb5tBLPMHKelIrGU29O9N5esMsc3we9zGX6R151csytjraKEoPCzcdPN5N2d/H3npZk25dnvxBLWNbvz2TEikLlrpFWEP6ALHLB+RbBS4k9wQXNxDDe7Y6CFV8+1EGWH+7T+BHItdkPTus3MOugnpY8uyKKKF1YAy81CG8+fkLshS0s0AQYnauQtyjDUZyC/JRfJ53Y2jw3DNeMNweyzknYiYZXiih1lhtto34FnuvuZ0JEGaYCS+URmoHmKQys0jo0Qoc/nvtNyFAWqYagl3UnnsrHccE6A/o0ATTlUg48MKrMPFsh3y3Yae7NoJ8ecH075Lcec2AhbJkznplZbf4/O9JOi+wap3+OPkWoT003mPhVWHOnLohMP7sxswuI+jWPipvom4qG7xUR10WJpZV5tA2hryT0GEwzZ3FMaa+FXc+q7c8+T+JSGYTZnKh8yL99mlivp2NT+FcESYCiX4ZpTljguju1UYe1OmWOY4SOLNlvCGNkJSxtR9+edN68waN8Z2Isr8cadCN3vnb+tE0MQvyNBMbSFq5o3wPGXlxgy7Nm3d6gZYNupM+GmqnjmJfhSj2jR6yMsN5Yzmc1zOxY55h0y2BmMkFTU4df6lqaHmsmgYPfcYvhRL555D8oXCgVYCSz6JhlA0dHhT926d8/uhByewPFpCbNxO6Y+NdxNRRTbfLmFizR/RvJ3L+n3rsz7iYRsa7I0nz/SVn909erVR3e2BScp868NDezmzOcWFb7VD5O0KVe+Qljk+gZsix/JlFkyR9qONj+QNzQxNivXPBFLMdp3Js27ditvTVp/JRfyTmyenZ3dswf/vftEgjxLyekKDLNpT25PZgrtTpXDimI9k0sUlXSZH6/zYTZiudwoK11BLHakT1otcjFm8QmTdJrpVGW1fEYjrCDWDTg6cMZG0zbHTVw2HmPmsfowHt0j507zFKsD2JXEupECmd1LRIbmoFBtbtF6OomxzPQIGE4ykaS6/l/lTjSsKBYJ+sMYR2eboawCK4hOTvZ4Oe4zTMs13KbPGoutaXgh2OcXVhbrBjybO5u3jbx+SiaLm9+L45ngdeKlYRTVZfCMobWYQfi23J8rt/BmdVRYHji6cRvAhdCkTP21jXO3DgxMz23sj8f/rUisMJz74rm+keBxbS/Acl5g1l/nyC+MCb6pWxdTpvzLAspi6shhptHcF9Hx/xI6tfJMCgAXVwzLSV4Py1YO+ZO3kCqSkysqYuoSyRugiWA0UojK9GiBI3TiVr7gQDB2pbD2R3xR9wIMM8bvP/QoDh5IXG24FM5gUWFdiTg4XUElvs6z/rJ+a4PijE8K912e6Oa3wvQHSyJN3MoHtOoYyzTKEV6FteBoBbMWDkTn8THmY3519Iy1X9ed4LixZjhSY4CFiYg1iWFRYAEI5u8wJNPTctDsQxJkO0mMrVYdapWGTm2cxqHCMhbG5sJx7bimN+RTyWisCrWxCNSZdTRKKedxLikPuhtKDR0MLMeG0hpUvCnpo8rRp8Bbm0S8JmaXQOYZxVAZQs3moXL0iOpDvuOgPEW1HwcDpQNWs2E1HZ8BTDp1ihGjEtlW9cMYTQFCtSSF2ohQz61dywoO9Xlpq3ZyoPWmsGoDp+M9kAKKhUyRECugOYFBDzoypRhZYs5g8oQP34+tXKM5QC5XeZo0FfDLm8BCt5IPiRswNouBUdLsUTonmciSnqWNmxqaDcz0YEhoGcR1Pb7B50t9VDO8hApCe3BbBfAfUWMJ4KkJ/YLadlaK9eRFkhT672u30RFHqYVL333di4pMvOOWVJ8/I8mpmdjBRxvXTxVBtFhOOK542ktdDpH+FRaEB9cTLTbMyec5vCQF35zCGlt4clelz+9PqnxFEQ6kc2NWlqlqe12JDovVesIvoAgVTF0JwHczy+jLpYGGITXZ7FA+br5Hkyqz/P4Mv+/sY6zm1LtLHS7k67A6rkJEKq3FS6FljBbT7/WRVwQHJFEvjVzzAyR2Pr/WVelK8mdkZPhTe7VPhYYpNxoJ6IH7rWMB/Frz4/8JeQy3uHH14F7GNjG0g5dGtShTXCMaquCOh3ypLsKUkZGUuhbUwYHGg1bDUYVe5cxueCxWf3r/Anw5l5SKxMEZUphJMp6PG2pCQ5U/errSlyFBZWS4XG64qr/9uMkIJmu17cZ26QYd2EBxkcbzaWlpdC4kYayRMDkvbYilLiVfxN9r9RONZvN77Qr3Cntwp6dCF/jwDYCj+zrfJKU+/sO3zF3DPQD7T671p6KhglDo77ew+tnHdvCYDOc4SkPuFQZLNKCyO0WXf5UzhRQXc3s3D1y+lk+8333H2kdS0aNCTOTyvUx7NKpbo1i+asTUMVlOWlbrnZGwBNBTLRyEB1P9qZVPfE3q3NBZiRcffchV6dMy4RKuomNfSqjDWFoYOXx7r6JSeSMc1v2s0ThlKTyU5fLd6QT23ldfvRdz/+tnXakGTGQJz4rqwSbHuBOg1uBZHSjr2d7x+cKOwoM9WEVecYZ5z8foqTpgTWzqaXy0D58uLi7+4j0g7Kr0+/VMdAlLVeOr9ioTKDLGzfaE1Gs7CoM/N8W6wh5vN3D4VQtrBfjG54o3zRw6NPPFL4Db7zKEIkuoHPG66jGBIsK5V70xrooAYeoJKK1Spwm7wO5ahfnu9uKZmaeeemrm+qafQWulEZbf95Co8M2uUvxl8yYzvfrBOZTSYbvMwJYeblc6vJsMct5bfOgpes188DQLa1OT9FgulyeUdWrwhzwHzebFjXZmTbipkdb2ajpF2RDSlVipuOGrxTMS1lOHir8Kj2e4DJbwQTgQWMLDIgjjJiN7haxxvAjzt5WRbFaDJmt1KCJ8+a5fwn1BrBnEgld0y5iU+j7LylYuxK1V3WAWQd0ms3zmAYLo5CoRPF0K8QEPZqEGfvsDGWtm0+cfQ713NlbN5c96xBm4Hf5MbbvpsHi1VoxFxGI9C+1YLE0qrO+BOytdGW54K4hV/AX45Ro4qTZXUkZqrSxeHL0gVplCkX5lR3RYB6AHKxLVzsVslorhQICnN83IVG9tEVxnWfYhX5DLn+TyVT4JIv3BQjf01phTYWlWvRAdFove7T6oCVpPpia5HinYImPNXH/qW7DWl/ogvJgqYyX5Yytda58HWbu4zdYo4KtsTXRYF0mBrhFwTrjF53c9IgaxMJreUZmUtesxIObCWJ9V6Tv7JIkrvYH6mZ0PgzVuIgjNsVjwaB11A5T7MCAl4SJS3zpUfB94XC4Uxq3QmurP8lX6dt2JhhIKwNkQjChCmEUshfnosNBUukBzCR6tTKKCk7o8htIj4lliJd9DP3rsdOWuDf/9MgaQxx89K4Tu5gi3jHZRsEeFJQr6mIyJhwaC2HJ4u/jQzCHiWE/QAE/qiJfLyV/U4Dz5vn/hFaUfY7jsMd+HtQtRYRmp7S4oJfvNn/oihtMPUD68Bk9KgcEfuwtllLN31QZ/pS91g7qwwYLZbKUOmk+RG2JdMUoIrXCYUPhRGRR867X7Pvca/Cqw/3AZ399FZRduVKfYoQkCTpMYPwkHo8LabvB5hxN2xVJrPSGryNKsoKTxx6bGuojucsW+rH0k/EGT/dYKXVFhnTOwO1lDSoCL+M+ff/tVEE77QsohoARTT+oZDoLJ7WuhPSosMPh8NayiaxiLQf2Hxf/2Fjyf6tfrhieNXi2rNS6jMdgWRoOFBZf+806g+5Dc+cPi21E4PFmZpNMNa4FtNxQvRl7vEM0SojEWRh+j6i42UCejgEBV+r7WWlhTCMYF8yXoNUo9hi0SUywU3fpUNSlFAz8aZM2mmeu3i+JpjfjzuzIOGN4eA5Rh7isEpyMKrCtOltU9hgc2SFGrF6PWoQ/ehpdjteod94JZKGg1ijhdmpevImDBYZZ16AzuxuxHAif7tduvHyq+h1SxukrHdMNXG71ZOG+yE4yxCjyFoMtV4/BgpV+6Nwr5meJ7Me/41bbawOoq+5AHuDuMiovaKLBgvEaP1QuvU6WXdYDIh+uHvkY0jsqxktymd+lRFCmqR+21jnUAHB2gfbWoQRSSyBr6Xod//GBm5oO3pDVVO5Zg4liXoNzwO4fhuHUstpZsEZ13Uv3pxyD+c7KG94XyoexYd5pm5FYodZgY8ZJ1LEyHeqxLcCfBQGVaMHN9hhQWq5RVBe2CVJvJdRMq3AfVlrG2Y3HYocMiaVqyyVexoL6+aY0ULkJdkM8avfEsHeiYUeGzTlrGIobVYRVSuUzbaOjwWByy4uksvyo2iIZ5xN5rToV2PGwV6yJJ0jqscRriUVXBz1AuzxR/Dl72KZfwFtG4Yg9Lhbu7yirW1q8sGGD1wp8SzV75Ci3zD30Rg6kyT6MRT5pQlZtTobA4aBWLCm8tlp0VSBPL5XIeuX0Tsda9uAOSQkv4KLgdxuYob1gIhzVvEWs9lQ41rFOjHnpxH/pT34cvoLFwK34DbokNCdNdBWy7se94wlFhOdZlEWvrGqnYFTQB5tcU6zjticxs+iE4k1zKQDppHK/cYakQq90ilrQ3EMuu/nmiAF2PsL/ZdP0p6vHP+0JUrxv32avBWROWaqEcOqxhnZM+WKMuKxtYT5YLpeedcA/pa82gfAh1tFyuA4bSdxLEwvBUqJUsYrEeOQOKDlXmeZCGh+elIl8lH0h5Vm2Yhg2OGhyFVa3Hg5HE7oEaa1hyfGsQVXrrFVib6kfPTllDqa7P/CYkHzAdGRXsV0G7+e1dPaVkrlYMJkK72yLW12WrNgjQoPKB01k0kr9K13DT04DxItQiNdKdmkNIx8HjIukO93Q14OqOB4+kGixhBXzXoXo5vuFv1xAH95XDDzfRjsjbUCsbi4hVA4XZISj7DvZ5wuSu7pJXwC0rcofAWsTqCT5Hh1LbooNjgoGXaftopvhVSalSz/qVQexpcCtK2IZJJzJNFiqbEuMBD7aEdS4QR+yqunKSuhaWh1J/eab4NUnl0GRooEjtpVAbcLeOSyywrV2aPk2vvMGtYQlBTepWBrpylqgF34Etn5d6gKhq5Fapv/JFg4h4KRhGa6oBnIcbdNWKvN9ZwWEFK2R6j2JpHOzXfVQ8yGt4/fYj4iNU1aD4MzDWeEDj2A+L4K7S37lB3rs1YBHrYGjvHVRHLcUaoo4/kCV71nG9sdpZ+We7PCBUGUlDu1OUsZxWsBTBqlSx6ydpVZ/lYek+RNf6OZyUeoC+sz/SNSAbnHKCnAR20uSu7iCW3QIWW6qQHFUKdbIrNgl9+2fSEQFJPauo2CIxa14vVmR/DpMRy4VARWwFSyFhj4eioV08EEvbNK9K5zwzH9xLdiY9QBHdBnWqQ/Znk0K+Y7xWrvGtYV1U+ElrCLEQTqJtYuVYKp0Q3BIrF9jjuugeUF6Y8AwydWEPeaHJ2RUFFqtY6Uuh9FtFhChuuTWbrgc2Iq1kM1xZj2s7FQ5n6HFadcw1hwlTeU+XPRgoLGApS9yeUKw4Dmd9RBbfE1jDp2FNVobUUWrVydFeRWdSVTLb53vJod94hyp+WcG6qnSR4O93F6CMxxrirYDH/5wqaCpK27U9UkW536FcIvs4Gso5WagNq2Gw/g9pVJy/IOi0GQAAAABJRU5ErkJggg==', 100);

--
-- Índices para tablas volcadas
--

--
-- Indices de la tabla `dependencias`
--
ALTER TABLE `dependencias`
  ADD PRIMARY KEY (`id`),
  ADD UNIQUE KEY `nombre` (`nombre`);

--
-- Indices de la tabla `especialidades`
--
ALTER TABLE `especialidades`
  ADD PRIMARY KEY (`id`),
  ADD KEY `ESPECIALIDADES_USUARIOS_FK` (`responsable`);

--
-- Indices de la tabla `incidencias`
--
ALTER TABLE `incidencias`
  ADD PRIMARY KEY (`id`),
  ADD KEY `INCIDENCIA_AUTOR` (`autor`),
  ADD KEY `INCIDENCIA_DEPENDENCIA` (`dependencia`),
  ADD KEY `INCIDENCIA_ESPECIALIDAD` (`especialidad`);

--
-- Indices de la tabla `notificaciones`
--
ALTER TABLE `notificaciones`
  ADD PRIMARY KEY (`id`),
  ADD KEY `NOTIFICACION_AUTOR` (`autor`),
  ADD KEY `NOTIFICACION_INCIDENCIA` (`incidencia`);

--
-- Indices de la tabla `perfiles`
--
ALTER TABLE `perfiles`
  ADD PRIMARY KEY (`id`),
  ADD UNIQUE KEY `PERFILES_NOMBRE_U` (`nombre`);

--
-- Indices de la tabla `permisos_perfil`
--
ALTER TABLE `permisos_perfil`
  ADD PRIMARY KEY (`id`),
  ADD KEY `PERFIL_PERMISOS_PERFILES_FK` (`perfil`),
  ADD KEY `PERFIL_PERMISOS_PROCESOS_FK` (`proceso`);

--
-- Indices de la tabla `permisos_usuario`
--
ALTER TABLE `permisos_usuario`
  ADD PRIMARY KEY (`id`),
  ADD KEY `USUARIO_PERMISOS_USUARIOS_FK` (`usuario`),
  ADD KEY `USUARIO_PERMISOS_PROCESOS_FK` (`proceso`);

--
-- Indices de la tabla `procesos`
--
ALTER TABLE `procesos`
  ADD PRIMARY KEY (`id`),
  ADD UNIQUE KEY `PROCESOS_NOMBRE_U` (`nombre`);

--
-- Indices de la tabla `usuarios`
--
ALTER TABLE `usuarios`
  ADD PRIMARY KEY (`id`),
  ADD UNIQUE KEY `user` (`email`),
  ADD UNIQUE KEY `alias` (`alias`),
  ADD KEY `USUARIOS_PERFILES_FK` (`perfil`);

--
-- AUTO_INCREMENT de las tablas volcadas
--

--
-- AUTO_INCREMENT de la tabla `dependencias`
--
ALTER TABLE `dependencias`
  MODIFY `id` int(11) NOT NULL AUTO_INCREMENT, AUTO_INCREMENT=13;

--
-- AUTO_INCREMENT de la tabla `especialidades`
--
ALTER TABLE `especialidades`
  MODIFY `id` int(11) NOT NULL AUTO_INCREMENT, AUTO_INCREMENT=5;

--
-- AUTO_INCREMENT de la tabla `incidencias`
--
ALTER TABLE `incidencias`
  MODIFY `id` int(11) NOT NULL AUTO_INCREMENT, AUTO_INCREMENT=18;

--
-- AUTO_INCREMENT de la tabla `notificaciones`
--
ALTER TABLE `notificaciones`
  MODIFY `id` int(11) NOT NULL AUTO_INCREMENT, AUTO_INCREMENT=14;

--
-- AUTO_INCREMENT de la tabla `perfiles`
--
ALTER TABLE `perfiles`
  MODIFY `id` int(11) NOT NULL AUTO_INCREMENT, AUTO_INCREMENT=901;

--
-- AUTO_INCREMENT de la tabla `permisos_perfil`
--
ALTER TABLE `permisos_perfil`
  MODIFY `id` int(11) NOT NULL AUTO_INCREMENT, AUTO_INCREMENT=8;

--
-- AUTO_INCREMENT de la tabla `permisos_usuario`
--
ALTER TABLE `permisos_usuario`
  MODIFY `id` int(11) NOT NULL AUTO_INCREMENT, AUTO_INCREMENT=8;

--
-- AUTO_INCREMENT de la tabla `procesos`
--
ALTER TABLE `procesos`
  MODIFY `id` int(11) NOT NULL AUTO_INCREMENT, AUTO_INCREMENT=150;

--
-- AUTO_INCREMENT de la tabla `usuarios`
--
ALTER TABLE `usuarios`
  MODIFY `id` int(11) NOT NULL AUTO_INCREMENT, AUTO_INCREMENT=31;

--
-- Restricciones para tablas volcadas
--

--
-- Filtros para la tabla `especialidades`
--
ALTER TABLE `especialidades`
  ADD CONSTRAINT `ESPECIALIDADES_USUARIOS_FK` FOREIGN KEY (`responsable`) REFERENCES `usuarios` (`id`) ON DELETE CASCADE ON UPDATE CASCADE;

--
-- Filtros para la tabla `incidencias`
--
ALTER TABLE `incidencias`
  ADD CONSTRAINT `INCIDENCIA_AUTOR` FOREIGN KEY (`autor`) REFERENCES `usuarios` (`id`) ON DELETE CASCADE ON UPDATE CASCADE,
  ADD CONSTRAINT `INCIDENCIA_DEPENDENCIA` FOREIGN KEY (`dependencia`) REFERENCES `dependencias` (`id`) ON DELETE CASCADE ON UPDATE CASCADE,
  ADD CONSTRAINT `INCIDENCIA_ESPECIALIDAD` FOREIGN KEY (`especialidad`) REFERENCES `especialidades` (`id`) ON DELETE CASCADE ON UPDATE CASCADE;

--
-- Filtros para la tabla `notificaciones`
--
ALTER TABLE `notificaciones`
  ADD CONSTRAINT `NOTIFICACION_AUTOR` FOREIGN KEY (`autor`) REFERENCES `usuarios` (`id`) ON DELETE CASCADE ON UPDATE CASCADE,
  ADD CONSTRAINT `NOTIFICACION_INCIDENCIA` FOREIGN KEY (`incidencia`) REFERENCES `incidencias` (`id`) ON DELETE CASCADE ON UPDATE CASCADE;
COMMIT;

/*!40101 SET CHARACTER_SET_CLIENT=@OLD_CHARACTER_SET_CLIENT */;
/*!40101 SET CHARACTER_SET_RESULTS=@OLD_CHARACTER_SET_RESULTS */;
/*!40101 SET COLLATION_CONNECTION=@OLD_COLLATION_CONNECTION */;



